-- phpMyAdmin SQL Dump
-- version 5.2.0
-- https://www.phpmyadmin.net/
--
-- Máy chủ: 127.0.0.1:3306
-- Thời gian đã tạo: Th4 27, 2024 lúc 07:25 AM
-- Phiên bản máy phục vụ: 8.0.31
-- Phiên bản PHP: 7.4.33

SET SQL_MODE = "NO_AUTO_VALUE_ON_ZERO";
START TRANSACTION;
SET time_zone = "+00:00";


/*!40101 SET @OLD_CHARACTER_SET_CLIENT=@@CHARACTER_SET_CLIENT */;
/*!40101 SET @OLD_CHARACTER_SET_RESULTS=@@CHARACTER_SET_RESULTS */;
/*!40101 SET @OLD_COLLATION_CONNECTION=@@COLLATION_CONNECTION */;
/*!40101 SET NAMES utf8mb4 */;

--
-- Cơ sở dữ liệu: `php_mvc_pdo`
--

-- --------------------------------------------------------

--
-- Cấu trúc bảng cho bảng `tbl_admin`
--

DROP TABLE IF EXISTS `tbl_admin`;
CREATE TABLE IF NOT EXISTS `tbl_admin` (
  `admin_id` int NOT NULL AUTO_INCREMENT,
  `email` varchar(255) COLLATE utf8mb4_general_ci NOT NULL,
  `username` varchar(100) COLLATE utf8mb4_general_ci NOT NULL,
  `password` varchar(100) COLLATE utf8mb4_general_ci NOT NULL,
  `address` varchar(100) COLLATE utf8mb4_general_ci NOT NULL,
  `phone` varchar(10) CHARACTER SET utf8mb4 COLLATE utf8mb4_general_ci NOT NULL,
  `level` int NOT NULL DEFAULT '2',
  `status` int NOT NULL DEFAULT '1',
  PRIMARY KEY (`admin_id`)
) ENGINE=InnoDB AUTO_INCREMENT=44 DEFAULT CHARSET=utf8mb4 COLLATE=utf8mb4_general_ci;

--
-- Đang đổ dữ liệu cho bảng `tbl_admin`
--

INSERT INTO `tbl_admin` (`admin_id`, `email`, `username`, `password`, `address`, `phone`, `level`, `status`) VALUES
(1, 'thongadsp@gmail.com', 'thongadminSupper1', 'e10adc3949ba59abbe56e057f20f883e', 'jkh1', '1111111111', 0, 1),
(37, 'user1@gmail.com', 'user1', 'e10adc3949ba59abbe56e057f20f883e', 'an khê', '8987782111', 2, 1),
(41, 'admin1@gmail.com', 'admin1', 'e10adc3949ba59abbe56e057f20f883e', 'gia lai', '0989876541', 1, 1),
(42, 'thongus@gmail.com', 'thongus', '1bec61101dcc6f1421609572a46877b4', 'an khe', '9098765456', 2, 1),
(43, 'user2@gmail.com', 'user2', 'e10adc3949ba59abbe56e057f20f883e', 'daklak', '1234567890', 2, 1);

-- --------------------------------------------------------

--
-- Cấu trúc bảng cho bảng `tbl_category`
--

DROP TABLE IF EXISTS `tbl_category`;
CREATE TABLE IF NOT EXISTS `tbl_category` (
  `id_category` int UNSIGNED NOT NULL AUTO_INCREMENT,
  `title_category` varchar(100) CHARACTER SET utf8mb4 COLLATE utf8mb4_general_ci NOT NULL,
  `desc_category` varchar(250) CHARACTER SET utf8mb4 COLLATE utf8mb4_general_ci NOT NULL,
  `cat_parent` int NOT NULL DEFAULT '1',
  `update_at` timestamp NOT NULL DEFAULT CURRENT_TIMESTAMP,
  `create_at` timestamp NOT NULL DEFAULT CURRENT_TIMESTAMP,
  `status` int NOT NULL DEFAULT '1',
  PRIMARY KEY (`id_category`),
  KEY `id_category` (`id_category`)
) ENGINE=InnoDB AUTO_INCREMENT=149 DEFAULT CHARSET=utf8mb4 COLLATE=utf8mb4_general_ci;

--
-- Đang đổ dữ liệu cho bảng `tbl_category`
--

INSERT INTO `tbl_category` (`id_category`, `title_category`, `desc_category`, `cat_parent`, `update_at`, `create_at`, `status`) VALUES
(112, 'HÀNG MỚI VỀ', '<p>h&agrave;ng mới nhập về kho</p>\r\n', 1, '2024-01-14 12:47:12', '2024-01-12 01:24:27', 1),
(113, 'ÁO NAM', '<p>&aacute;o nam&nbsp;</p>\r\n', 2, '2024-01-14 12:47:44', '2024-01-12 01:25:39', 1),
(114, 'QUẦN NAM', '<p>quần nam</p>\r\n', 2, '2024-01-14 12:48:01', '2024-01-12 01:25:55', 1),
(115, 'PHỤ KIỆN', '<p>phụ kiện</p>\r\n', 2, '2024-01-14 12:50:55', '2024-01-12 01:26:18', 1),
(116, 'SALE HOT', '<p>sale hot</p>\r\n', 1, '2024-01-14 12:51:12', '2024-01-12 01:26:37', 1),
(117, 'Áo thun', '<p>ao thun</p>\r\n', 113, '2024-01-14 12:51:34', '2024-01-12 08:09:04', 1),
(118, 'Quần jean', '<p>quan nam</p>\r\n', 114, '2024-01-14 12:52:13', '2024-01-12 08:09:29', 1),
(119, 'Quần kaki', '<p>as</p>\r\n', 114, '2024-03-28 05:07:17', '2024-01-12 08:16:00', 1),
(120, 'Quần đùi', '<p>Quần đ&ugrave;i</p>\r\n', 114, '2024-03-28 05:07:13', '2024-01-12 09:46:18', 1),
(143, 'Áo sơ mi', '<p>&Aacute;o sơ mi</p>\r\n', 113, '2024-03-28 05:07:11', '2024-02-28 07:35:13', 1),
(144, 'Áo khoác', '<p>&Aacute;o kho&aacute;c</p>\r\n', 113, '2024-03-28 05:07:07', '2024-02-28 07:35:39', 1),
(145, 'Mắt Kính', '<p>Mắt K&iacute;nh</p>\r\n', 115, '2024-03-28 05:06:59', '2024-02-28 07:36:08', 1),
(146, 'Thắt Lưng', '<p>Thắt Lưng n&agrave;y oke</p>\r\n', 115, '2024-04-01 04:43:30', '2024-02-28 07:36:46', 1);

-- --------------------------------------------------------

--
-- Cấu trúc bảng cho bảng `tbl_cat_post`
--

DROP TABLE IF EXISTS `tbl_cat_post`;
CREATE TABLE IF NOT EXISTS `tbl_cat_post` (
  `id_cat_post` int UNSIGNED NOT NULL AUTO_INCREMENT,
  `title_cat_post` varchar(200) CHARACTER SET utf8mb4 COLLATE utf8mb4_general_ci NOT NULL,
  `desc_cat_post` varchar(200) CHARACTER SET utf8mb4 COLLATE utf8mb4_general_ci NOT NULL,
  PRIMARY KEY (`id_cat_post`),
  KEY `id_cat_post` (`id_cat_post`)
) ENGINE=InnoDB AUTO_INCREMENT=24 DEFAULT CHARSET=utf8mb4 COLLATE=utf8mb4_general_ci;

-- --------------------------------------------------------

--
-- Cấu trúc bảng cho bảng `tbl_coupon`
--

DROP TABLE IF EXISTS `tbl_coupon`;
CREATE TABLE IF NOT EXISTS `tbl_coupon` (
  `coupon_id` int NOT NULL AUTO_INCREMENT,
  `coupon_name` varchar(100) COLLATE utf8mb4_general_ci NOT NULL,
  `coupon_code` varchar(100) COLLATE utf8mb4_general_ci NOT NULL,
  `coupon_quantity` int NOT NULL,
  `coupon_condition` int NOT NULL,
  `coupon_number` int NOT NULL,
  PRIMARY KEY (`coupon_id`)
) ENGINE=InnoDB AUTO_INCREMENT=4 DEFAULT CHARSET=utf8mb4 COLLATE=utf8mb4_general_ci;

--
-- Đang đổ dữ liệu cho bảng `tbl_coupon`
--

INSERT INTO `tbl_coupon` (`coupon_id`, `coupon_name`, `coupon_code`, `coupon_quantity`, `coupon_condition`, `coupon_number`) VALUES
(2, 'mã giảm ngày quấc khánh', 'QK0209', 90, 2, 200000),
(3, 'mã giảm giá 30/04', 'MGG3004', 12, 1, 15);

-- --------------------------------------------------------

--
-- Cấu trúc bảng cho bảng `tbl_customer`
--

DROP TABLE IF EXISTS `tbl_customer`;
CREATE TABLE IF NOT EXISTS `tbl_customer` (
  `id_customer` int NOT NULL AUTO_INCREMENT,
  `username` varchar(255) CHARACTER SET utf8mb4 COLLATE utf8mb4_general_ci NOT NULL,
  `phone` int NOT NULL,
  `address` varchar(255) COLLATE utf8mb4_general_ci NOT NULL,
  `email` varchar(200) COLLATE utf8mb4_general_ci NOT NULL,
  `password` varchar(255) COLLATE utf8mb4_general_ci NOT NULL,
  PRIMARY KEY (`id_customer`)
) ENGINE=InnoDB AUTO_INCREMENT=5 DEFAULT CHARSET=utf8mb4 COLLATE=utf8mb4_general_ci;

--
-- Đang đổ dữ liệu cho bảng `tbl_customer`
--

INSERT INTO `tbl_customer` (`id_customer`, `username`, `phone`, `address`, `email`, `password`) VALUES
(1, 'truc', 112, 'gia lai', 'truc@gmail.com', 'e10adc3949ba59abbe56e057f20f883e'),
(3, 'thongadmin', 123, 'cf', 'thongadmin@gmail.com', 'e10adc3949ba59abbe56e057f20f883e'),
(4, 'thonguser', 456, 'de', 'thonguser@gmail.com', 'c33367701511b4f6020ec61ded352059');

-- --------------------------------------------------------

--
-- Cấu trúc bảng cho bảng `tbl_order`
--

DROP TABLE IF EXISTS `tbl_order`;
CREATE TABLE IF NOT EXISTS `tbl_order` (
  `id_order` int UNSIGNED NOT NULL AUTO_INCREMENT,
  `code_order` varchar(100) COLLATE utf8mb4_general_ci NOT NULL,
  `date_order` varchar(100) COLLATE utf8mb4_general_ci NOT NULL,
  `status_order` int NOT NULL,
  `admin_id` varchar(10) CHARACTER SET utf8mb4 COLLATE utf8mb4_general_ci DEFAULT NULL,
  `coupon_code` varchar(100) COLLATE utf8mb4_general_ci NOT NULL,
  `coupon_condition` int NOT NULL,
  `coupon_number` int NOT NULL,
  `total_order` int NOT NULL,
  PRIMARY KEY (`id_order`)
) ENGINE=InnoDB AUTO_INCREMENT=150 DEFAULT CHARSET=utf8mb4 COLLATE=utf8mb4_general_ci;

--
-- Đang đổ dữ liệu cho bảng `tbl_order`
--

INSERT INTO `tbl_order` (`id_order`, `code_order`, `date_order`, `status_order`, `admin_id`, `coupon_code`, `coupon_condition`, `coupon_number`, `total_order`) VALUES
(149, '2415', '05/04/2024 04/51/57pm', 1, '', '', 0, 0, 1628000);

-- --------------------------------------------------------

--
-- Cấu trúc bảng cho bảng `tbl_order_detail`
--

DROP TABLE IF EXISTS `tbl_order_detail`;
CREATE TABLE IF NOT EXISTS `tbl_order_detail` (
  `id_order_detail` int UNSIGNED NOT NULL AUTO_INCREMENT,
  `code_order` varchar(100) COLLATE utf8mb4_general_ci NOT NULL,
  `id_product` int UNSIGNED NOT NULL,
  `quantity` int NOT NULL,
  `name` varchar(200) COLLATE utf8mb4_general_ci NOT NULL,
  `phone` varchar(200) COLLATE utf8mb4_general_ci NOT NULL,
  `address` varchar(200) COLLATE utf8mb4_general_ci NOT NULL,
  `email` varchar(200) COLLATE utf8mb4_general_ci NOT NULL,
  `note` varchar(200) COLLATE utf8mb4_general_ci NOT NULL,
  PRIMARY KEY (`id_order_detail`),
  KEY `id_product` (`id_product`)
) ENGINE=InnoDB AUTO_INCREMENT=190 DEFAULT CHARSET=utf8mb4 COLLATE=utf8mb4_general_ci;

--
-- Đang đổ dữ liệu cho bảng `tbl_order_detail`
--

INSERT INTO `tbl_order_detail` (`id_order_detail`, `code_order`, `id_product`, `quantity`, `name`, `phone`, `address`, `email`, `note`) VALUES
(187, '2415', 131, 2, 'd', '2222222222', 's', '', ''),
(188, '2415', 121, 2, 'd', '2222222222', 's', '', ''),
(189, '2415', 81, 1, 'd', '2222222222', 's', '', '');

-- --------------------------------------------------------

--
-- Cấu trúc bảng cho bảng `tbl_post`
--

DROP TABLE IF EXISTS `tbl_post`;
CREATE TABLE IF NOT EXISTS `tbl_post` (
  `id_post` int UNSIGNED NOT NULL AUTO_INCREMENT,
  `title_post` varchar(255) COLLATE utf8mb4_general_ci NOT NULL,
  `content_post` text COLLATE utf8mb4_general_ci NOT NULL,
  `image_post` varchar(200) COLLATE utf8mb4_general_ci NOT NULL,
  `id_cat_post` int UNSIGNED NOT NULL,
  PRIMARY KEY (`id_post`),
  KEY `id_cat_post` (`id_cat_post`)
) ENGINE=InnoDB AUTO_INCREMENT=27 DEFAULT CHARSET=utf8mb4 COLLATE=utf8mb4_general_ci;

-- --------------------------------------------------------

--
-- Cấu trúc bảng cho bảng `tbl_product`
--

DROP TABLE IF EXISTS `tbl_product`;
CREATE TABLE IF NOT EXISTS `tbl_product` (
  `id_product` int UNSIGNED NOT NULL AUTO_INCREMENT,
  `title_product` varchar(255) COLLATE utf8mb4_general_ci NOT NULL,
  `price_product` int NOT NULL,
  `image_product` varchar(100) CHARACTER SET utf8mb4 COLLATE utf8mb4_general_ci NOT NULL,
  `quantity_product` int NOT NULL,
  `desc_product` text COLLATE utf8mb4_general_ci NOT NULL,
  `product_hot` int NOT NULL,
  `id_cat_product` int UNSIGNED NOT NULL,
  PRIMARY KEY (`id_product`),
  KEY `id_cat_product` (`id_cat_product`)
) ENGINE=InnoDB AUTO_INCREMENT=142 DEFAULT CHARSET=utf8mb4 COLLATE=utf8mb4_general_ci;

--
-- Đang đổ dữ liệu cho bảng `tbl_product`
--

INSERT INTO `tbl_product` (`id_product`, `title_product`, `price_product`, `image_product`, `quantity_product`, `desc_product`, `product_hot`, `id_cat_product`) VALUES
(81, 'Áo Thun Regular Monster', 290000, 'aothunden1709107883.webp', 100, '<ul>\n	<li><strong>Bảng size</strong>:&nbsp;</li>\n</ul>\n\n<p>- Size S:&nbsp;C&acirc;n nặng 53-60kg;&nbsp;Ngang vai: 43.5cm;&nbsp;Rộng ngực: 100cm; D&agrave;i &aacute;o: 71cm</p>\n\n<p>- Size M: C&acirc;n nặng 60-68kg;&nbsp;Ngang vai: 45cm; Rộng ngực: 106cm; D&agrave;i &aacute;o: 72cm</p>\n\n<p>- Size L: C&acirc;n nặng 68-78kg; Ngang vai: 46.5cm; Rộng ngực: 108cm; D&agrave;i &aacute;o: 73cm</p>\n\n<p>- Size XL:&nbsp;C&acirc;n nặng 78-85kg;&nbsp;Ngang vai:48cm;&nbsp;Rộng ngực: 112cm; D&agrave;i &aacute;o: 74cm</p>\n\n<ul>\n	<li><strong>Chất liệu</strong>: Cotton 220gsm&nbsp;</li>\n	<li><strong>Form &aacute;o</strong>: Regular&nbsp;</li>\n	<li><strong>Đặc điểm</strong>:&nbsp;</li>\n</ul>\n\n<p>H&igrave;nh vẽ qu&aacute;i vật tr&ecirc;n chiếc &aacute;o l&agrave; t&aacute;c phẩm nghệ thuật sống động, tạo n&ecirc;n một điểm nhấn nổi bật v&agrave; độc đ&aacute;o cho bộ trang phục của bạn.&nbsp;Sử dụng chất liệu cotton chất lượng cao, chiếc &aacute;o kh&ocirc;ng chỉ mềm mại v&agrave; thoải m&aacute;i m&agrave; c&ograve;n giữ cho m&agrave;u sắc v&agrave; h&igrave;nh ảnh lu&ocirc;n tươi mới sau nhiều lần giặt.&nbsp;Với form &aacute;o Regular, chiếc &aacute;o n&agrave;y mang lại sự thoải m&aacute;i v&agrave; ph&oacute;ng kho&aacute;ng, ph&ugrave; hợp với mọi hoạt động trong cuộc sống h&agrave;ng ng&agrave;y.</p>\n\n<p>Được thiết kế đặc biệt cho những người y&ecirc;u th&iacute;ch sự c&aacute; nh&acirc;n h&oacute;a trong trang phục, chiếc &aacute;o n&agrave;y l&agrave; lựa chọn l&yacute; tưởng cho c&aacute;c hoạt động ngoại &ocirc;, gặp gỡ bạn b&egrave;, hay thậm ch&iacute; l&agrave; những sự kiện giải tr&iacute;.</p>\n\n<p>&nbsp;</p>\n\n<ul>\n	<li><strong>Bảng size</strong>:&nbsp;</li>\n</ul>\n\n<p>- Size S:&nbsp;C&acirc;n nặng 53-60kg;&nbsp;Ngang vai: 43.5cm;&nbsp;Rộng ngực: 100cm; D&agrave;i &aacute;o: 71cm</p>\n\n<p>- Size M: C&acirc;n nặng 60-68kg;&nbsp;Ngang vai: 45cm; Rộng ngực: 106cm; D&agrave;i &aacute;o: 72cm</p>\n\n<p>- Size L: C&acirc;n nặng 68-78kg; Ngang vai: 46.5cm; Rộng ngực: 108cm; D&agrave;i &aacute;o: 73cm</p>\n\n<p>- Size XL:&nbsp;C&acirc;n nặng 78-85kg;&nbsp;Ngang vai:48cm;&nbsp;Rộng ngực: 112cm; D&agrave;i &aacute;o: 74cm</p>\n\n<ul>\n	<li><strong>Chất liệu</strong>: Cotton 220gsm&nbsp;</li>\n	<li><strong>Form &aacute;o</strong>: Regular&nbsp;</li>\n	<li><strong>Đặc điểm</strong>:&nbsp;</li>\n</ul>\n\n<p>H&igrave;nh vẽ qu&aacute;i vật tr&ecirc;n chiếc &aacute;o l&agrave; t&aacute;c phẩm nghệ thuật sống động, tạo n&ecirc;n một điểm nhấn nổi bật v&agrave; độc đ&aacute;o cho bộ trang phục của bạn.&nbsp;Sử dụng chất liệu cotton chất lượng cao, chiếc &aacute;o kh&ocirc;ng chỉ mềm mại v&agrave; thoải m&aacute;i m&agrave; c&ograve;n giữ cho m&agrave;u sắc v&agrave; h&igrave;nh ảnh lu&ocirc;n tươi mới sau nhiều lần giặt.&nbsp;Với form &aacute;o Regular, chiếc &aacute;o n&agrave;y mang lại sự thoải m&aacute;i v&agrave; ph&oacute;ng kho&aacute;ng, ph&ugrave; hợp với mọi hoạt động trong cuộc sống h&agrave;ng ng&agrave;y.</p>\n\n<p>Được thiết kế đặc biệt cho những người y&ecirc;u th&iacute;ch sự c&aacute; nh&acirc;n h&oacute;a trong trang phục, chiếc &aacute;o n&agrave;y l&agrave; lựa chọn l&yacute; tưởng cho c&aacute;c hoạt động ngoại &ocirc;, gặp gỡ bạn b&egrave;, hay thậm ch&iacute; l&agrave; những sự kiện giải tr&iacute;.</p>\n', 2, 117),
(82, 'Áo Thun Regular Street Vibe', 290000, 'aothunnau1709108043.webp', 100, '<ul>\r\n	<li><strong>Bảng size</strong>:&nbsp;</li>\r\n</ul>\r\n\r\n<p>- Size S:&nbsp;C&acirc;n nặng 53-60kg;&nbsp;Ngang vai: 43.5cm;&nbsp;Rộng ngực: 100cm; D&agrave;i &aacute;o: 71cm</p>\r\n\r\n<p>- Size M: C&acirc;n nặng 60-68kg;&nbsp;Ngang vai: 45cm; Rộng ngực: 106cm; D&agrave;i &aacute;o: 72cm</p>\r\n\r\n<p>- Size L: C&acirc;n nặng 68-78kg; Ngang vai: 46.5cm; Rộng ngực: 108cm; D&agrave;i &aacute;o: 73cm</p>\r\n\r\n<p>- Size XL:&nbsp;C&acirc;n nặng 78-85kg;&nbsp;Ngang vai:48cm;&nbsp;Rộng ngực: 112cm; D&agrave;i &aacute;o: 74cm</p>\r\n\r\n<ul>\r\n	<li><strong>Chất liệu</strong>: Cotton 240gsm&nbsp;</li>\r\n	<li><strong>Form &aacute;o</strong>: Regular&nbsp;</li>\r\n	<li><strong>Đặc điểm</strong>:&nbsp;</li>\r\n</ul>\r\n\r\n<p>Đặc trưng với form &aacute;o Regular, chiếc &aacute;o n&agrave;y thoải m&aacute;i v&agrave; ph&ugrave; hợp với nhiều h&igrave;nh d&aacute;ng cơ thể. Chi tiết in nhung kết hợp in dẻo tinh tế, với h&igrave;nh ảnh số 8 trước ngực v&agrave; d&ograve;ng chữ ICONDENIM ấn tượng sau lưng, tạo n&ecirc;n sự độc đ&aacute;o v&agrave; năng động.&nbsp;Cho bạn&nbsp;hai lựa chọn m&agrave;u sắc - đen v&agrave; n&acirc;u nhạt, nhờ đ&oacute; m&agrave; mỗi m&agrave;u sắc đều thể hiện một phong c&aacute;ch ri&ecirc;ng, từ năng động v&agrave; c&aacute; t&iacute;nh đến sự chững chạc&nbsp;v&agrave; lịch l&atilde;m.&nbsp;Với chất liệu Cotton 240gsm, &Aacute;o Thun Regular Street Vibe mang lại sự độ bền v&agrave; thoải m&aacute;i. Chất liệu cao cấp n&agrave;y kh&ocirc;ng chỉ giữ form &aacute;o m&agrave; c&ograve;n cung cấp cảm gi&aacute;c mềm mại khi mặc.</p>\r\n', 1, 117),
(83, 'Áo Thun Regular Fluid Pattern', 320000, 'Áo Thun Regular Fluid Pattern1709108173.webp', 100, '<ul>\r\n	<li><strong>Bảng size</strong>:&nbsp;</li>\r\n</ul>\r\n\r\n<p>- Size S:&nbsp;C&acirc;n nặng 53-60kg;&nbsp;Ngang vai: 43.5cm;&nbsp;Rộng ngực: 100cm; D&agrave;i &aacute;o: 71cm</p>\r\n\r\n<p>- Size M: C&acirc;n nặng 60-68kg;&nbsp;Ngang vai: 45cm; Rộng ngực: 106cm; D&agrave;i &aacute;o: 72cm</p>\r\n\r\n<p>- Size L: C&acirc;n nặng 68-78kg; Ngang vai: 46.5cm; Rộng ngực: 108cm; D&agrave;i &aacute;o: 73cm</p>\r\n\r\n<p>- Size XL:&nbsp;C&acirc;n nặng 78-85kg;&nbsp;Ngang vai:48cm;&nbsp;Rộng ngực: 112cm; D&agrave;i &aacute;o: 74cm</p>\r\n\r\n<ul>\r\n	<li><strong>Chất liệu</strong>: Cotton 240gsm&nbsp;</li>\r\n	<li><strong>Form &aacute;o</strong>: Regular&nbsp;</li>\r\n	<li><strong>Đặc điểm</strong>:&nbsp;</li>\r\n</ul>\r\n\r\n<p>Hai m&agrave;u đen v&agrave; be tinh tế dễ phối hợp, tạo n&ecirc;n sự ổn định v&agrave; lịch l&atilde;m. M&agrave;u sắc tối giản nhưng độc đ&aacute;o l&agrave;m cho chiếc &aacute;o trở n&ecirc;n nổi bật trong tủ đồ của bạn nhờ c&oacute; kiểu họa tiết Fluid&nbsp;mềm mại, với những d&ograve;ng chảy tự nhi&ecirc;n hoặc những đường cong mượt m&agrave; mang đến cảm gi&aacute;c của sự linh hoạt, gi&agrave;u cảm hứng.</p>\r\n\r\n<p>Mẫu hoa văn độc đ&aacute;o kết hợp với sự thoải m&aacute;i của chất liệu Cotton 240gsm tạo n&ecirc;n một trải nghiệm thời trang bất tận.&nbsp;Với form d&aacute;ng Regular, chiếc &aacute;o n&agrave;y đảm bảo thoải m&aacute;i v&agrave; ph&ugrave; hợp với nhiều d&aacute;ng v&oacute;c kh&aacute;c nhau. Đường may chắc chắn v&agrave; cổ &aacute;o truyền thống tạo n&ecirc;n vẻ lịch l&atilde;m v&agrave; ph&oacute;ng kho&aacute;ng.&nbsp;Chất liệu Cotton 240gsm kh&ocirc;ng chỉ đảm bảo &aacute;o giữ form d&aacute;ng tốt m&agrave; c&ograve;n mang lại cảm gi&aacute;c thoải m&aacute;i khi mặc. Cotton l&agrave; chất liệu th&acirc;n thiện với da, l&agrave;m cho chiếc &aacute;o trở th&agrave;nh lựa chọn ho&agrave;n hảo cho cả ng&agrave;y d&agrave;i.</p>\r\n', 1, 117),
(84, 'Áo Thun Regular Champion Warrior 19 Patt', 320000, 'Áo Thun Regular Champion Warrior 19 Pattern1709108247.webp', 100, '<ul>\r\n	<li><strong>Bảng size</strong>:&nbsp;</li>\r\n</ul>\r\n\r\n<p>- Size S:&nbsp;C&acirc;n nặng 53-60kg;&nbsp;Ngang vai: 43.5cm;&nbsp;Rộng ngực: 100cm; D&agrave;i &aacute;o: 71cm</p>\r\n\r\n<p>- Size M: C&acirc;n nặng 60-68kg;&nbsp;Ngang vai: 45cm; Rộng ngực: 106cm; D&agrave;i &aacute;o: 72cm</p>\r\n\r\n<p>- Size L: C&acirc;n nặng 68-78kg; Ngang vai: 46.5cm; Rộng ngực: 108cm; D&agrave;i &aacute;o: 73cm</p>\r\n\r\n<p>- Size XL:&nbsp;C&acirc;n nặng 78-85kg;&nbsp;Ngang vai:48cm;&nbsp;Rộng ngực: 112cm; D&agrave;i &aacute;o: 74cm</p>\r\n\r\n<ul>\r\n	<li><strong>Chất liệu</strong>: Cotton 240gsm&nbsp;</li>\r\n	<li><strong>Form &aacute;o</strong>: Regular&nbsp;</li>\r\n	<li><strong>Đặc điểm</strong>:&nbsp;</li>\r\n</ul>\r\n\r\n<p>Một th&ocirc;ng điệp thiết kế mạnh mẽ v&agrave; đầy năng lượng, với họa tiết Champion Warrior 19, &aacute;o thể hiện sự tinh thần chiến đấu v&agrave; cam kết vươn l&ecirc;n với tinh thần chiến thắng.&nbsp;Chất liệu vải cotton chất lượng cao được sử dụng cho &Aacute;o Thun Regular Champion Warrior 19 Pattern, mang lại cảm gi&aacute;c mềm mại v&agrave; thoải m&aacute;i cho người mặc. Chất liệu n&agrave;y kh&ocirc;ng chỉ đảm bảo sự thoải m&aacute;i m&agrave; c&ograve;n giữ cho &aacute;o lu&ocirc;n giữ được h&igrave;nh d&aacute;ng v&agrave; m&agrave;u sắc sau nhiều lần giặt.&nbsp;Với form d&aacute;ng Regular Fit, &aacute;o &ocirc;m vừa vặn thoải m&aacute;i tr&ecirc;n cơ thể, tạo sự tự tin v&agrave; linh hoạt trong mọi hoạt động. Thiết kế n&agrave;y kh&ocirc;ng chỉ phản &aacute;nh phong c&aacute;ch năng động m&agrave; c&ograve;n gi&uacute;p &aacute;o dễ d&agrave;ng kết hợp với nhiều loại quần v&agrave; phụ kiện kh&aacute;c nhau.</p>\r\n\r\n<p>&nbsp;</p>\r\n\r\n<ul>\r\n	<li><strong>Bảng size</strong>:&nbsp;</li>\r\n</ul>\r\n\r\n<p>- Size S:&nbsp;C&acirc;n nặng 53-60kg;&nbsp;Ngang vai: 43.5cm;&nbsp;Rộng ngực: 100cm; D&agrave;i &aacute;o: 71cm</p>\r\n\r\n<p>- Size M: C&acirc;n nặng 60-68kg;&nbsp;Ngang vai: 45cm; Rộng ngực: 106cm; D&agrave;i &aacute;o: 72cm</p>\r\n\r\n<p>- Size L: C&acirc;n nặng 68-78kg; Ngang vai: 46.5cm; Rộng ngực: 108cm; D&agrave;i &aacute;o: 73cm</p>\r\n\r\n<p>- Size XL:&nbsp;C&acirc;n nặng 78-85kg;&nbsp;Ngang vai:48cm;&nbsp;Rộng ngực: 112cm; D&agrave;i &aacute;o: 74cm</p>\r\n\r\n<ul>\r\n	<li><strong>Chất liệu</strong>: Cotton 240gsm&nbsp;</li>\r\n	<li><strong>Form &aacute;o</strong>: Regular&nbsp;</li>\r\n	<li><strong>Đặc điểm</strong>:&nbsp;</li>\r\n</ul>\r\n\r\n<p>Một th&ocirc;ng điệp thiết kế mạnh mẽ v&agrave; đầy năng lượng, với họa tiết Champion Warrior 19, &aacute;o thể hiện sự tinh thần chiến đấu v&agrave; cam kết vươn l&ecirc;n với tinh thần chiến thắng.&nbsp;Chất liệu vải cotton chất lượng cao được sử dụng cho &Aacute;o Thun Regular Champion Warrior 19 Pattern, mang lại cảm gi&aacute;c mềm mại v&agrave; thoải m&aacute;i cho người mặc. Chất liệu n&agrave;y kh&ocirc;ng chỉ đảm bảo sự thoải m&aacute;i m&agrave; c&ograve;n giữ cho &aacute;o lu&ocirc;n giữ được h&igrave;nh d&aacute;ng v&agrave; m&agrave;u sắc sau nhiều lần giặt.&nbsp;Với form d&aacute;ng Regular Fit, &aacute;o &ocirc;m vừa vặn thoải m&aacute;i tr&ecirc;n cơ thể, tạo sự tự tin v&agrave; linh hoạt trong mọi hoạt động. Thiết kế n&agrave;y kh&ocirc;ng chỉ phản &aacute;nh phong c&aacute;ch năng động m&agrave; c&ograve;n gi&uacute;p &aacute;o dễ d&agrave;ng kết hợp với nhiều loại quần v&agrave; phụ kiện kh&aacute;c nhau.</p>\r\n', 1, 117),
(85, 'Áo Thun Regular Similar Human Pattern', 320000, 'Áo Thun Regular Similar Human Pattern1709109656.webp', 100, '<ul>\r\n	<li><strong>Bảng size</strong>:&nbsp;</li>\r\n</ul>\r\n\r\n<p>- Size S:&nbsp;C&acirc;n nặng 53-60kg;&nbsp;Ngang vai: 43.5cm;&nbsp;Rộng ngực: 100cm; D&agrave;i &aacute;o: 71cm</p>\r\n\r\n<p>- Size M: C&acirc;n nặng 60-68kg;&nbsp;Ngang vai: 45cm; Rộng ngực: 106cm; D&agrave;i &aacute;o: 72cm</p>\r\n\r\n<p>- Size L: C&acirc;n nặng 68-78kg; Ngang vai: 46.5cm; Rộng ngực: 108cm; D&agrave;i &aacute;o: 73cm</p>\r\n\r\n<p>- Size XL:&nbsp;C&acirc;n nặng 78-85kg;&nbsp;Ngang vai:48cm;&nbsp;Rộng ngực: 112cm; D&agrave;i &aacute;o: 74cm</p>\r\n\r\n<ul>\r\n	<li><strong>Chất liệu</strong>: Cotton 240gsm&nbsp;</li>\r\n</ul>\r\n\r\n<ul>\r\n	<li><strong>Form &aacute;o</strong>: Regular&nbsp;</li>\r\n	<li><strong>Đặc điểm</strong>:&nbsp;</li>\r\n</ul>\r\n\r\n<p>Sự kết hợp ho&agrave;n hảo giữa thiết kế đương đại&nbsp;lấy cảm hứng từ những&nbsp;h&igrave;nh th&aacute;i đối lập trong c&ugrave;ng một&nbsp;con người, được&nbsp;đại diện bởi hai gam m&agrave;u tương phản, tạo n&ecirc;n một tổ hợp h&agrave;i h&ograve;a giữa nghệ thuật v&agrave; thời trang tr&ecirc;n n&ecirc;n &aacute;o m&agrave;u n&acirc;u trung t&iacute;nh. Mỗi chiếc &aacute;o l&agrave; một t&aacute;c phẩm nghệ thuật nhỏ, thể hiện c&aacute;i t&ocirc;i v&agrave; sự độc đ&aacute;o của người mặc.</p>\r\n\r\n<p>Sử dụng chất liệu vải cotton 240gsm, &Aacute;o Thun Regular Similar Human Pattern kh&ocirc;ng chỉ mang lại cảm gi&aacute;c mềm mại v&agrave; thoải m&aacute;i m&agrave; c&ograve;n đảm bảo độ bền cao. Vải cotton tự nhi&ecirc;n gi&uacute;p tho&aacute;t hơi ẩm v&agrave; tạo cảm gi&aacute;c tho&aacute;ng kh&iacute;, ph&ugrave; hợp cho mọi hoạt động h&agrave;ng ng&agrave;y.&nbsp;Với form d&aacute;ng Regular, &aacute;o vừa vặn nhưng vẫn giữ cho bạn cảm gi&aacute;c thoải m&aacute;i v&agrave; tự do vận động. Thiết kế n&agrave;y phản &aacute;nh sự ch&acirc;n thực v&agrave; t&ocirc;n l&ecirc;n vẻ ngoại h&igrave;nh tự nhi&ecirc;n của bạn. &Aacute;o Thun Regular Similar Human Pattern sẽ l&agrave; người bạn đồng h&agrave;nh ho&agrave;n hảo, từ buổi học đến cuộc gặp gỡ bạn b&egrave;.</p>\r\n', 1, 117),
(86, 'Áo Thun Regular Rhythm Of Life', 320000, 'Áo Thun Regular Rhythm Of Life1709109736.webp', 100, '<ul>\r\n	<li><strong>Bảng size</strong>:&nbsp;</li>\r\n</ul>\r\n\r\n<p>- Size S:&nbsp;C&acirc;n nặng 53-60kg;&nbsp;Ngang vai: 59cm;&nbsp;Rộng ngực: 106cm; D&agrave;i &aacute;o: 71.5cm</p>\r\n\r\n<p>- Size M: C&acirc;n nặng 60-68kg;&nbsp;Ngang vai: 60.5cm; Rộng ngực: 112cm; D&agrave;i &aacute;o: 72.5cm</p>\r\n\r\n<p>- Size L: C&acirc;n nặng 68-78kg; Ngang vai: 62cm; Rộng ngực: 116cm; D&agrave;i &aacute;o: 73.5cm</p>\r\n\r\n<p>- Size XL:&nbsp;C&acirc;n nặng 78-85kg;&nbsp;Ngang vai:63.5cm;&nbsp;Rộng ngực: 120cm; D&agrave;i &aacute;o: 74.5cm</p>\r\n\r\n<ul>\r\n	<li><strong>Chất liệu</strong>:&nbsp;Vải thun Cotton 240gsm</li>\r\n</ul>\r\n\r\n<ul>\r\n	<li><strong>Form &aacute;o</strong>: Regular&nbsp;</li>\r\n	<li><strong>Đặc điểm</strong>:&nbsp;</li>\r\n</ul>\r\n\r\n<p>&Aacute;o thun Regular Rhythm Of Navy Blue c&oacute; m&agrave;u xanh dương chủ đạo, với c&aacute;c phần xanh navy v&agrave; be được kết hợp tinh tế. Sự kết hợp m&agrave;u sắc tạo n&ecirc;n một hiệu ứng nổi bật, đặc trưng&nbsp;ph&ugrave; hợp với nhiều phong c&aacute;ch v&agrave; dịp kh&aacute;c nhau,&nbsp;từ hẹn h&ograve;, dạo phố đến dự tiệc hay thậm ch&iacute; l&agrave; khi bạn chỉ cần một bộ &aacute;o thun thoải m&aacute;i cho ng&agrave;y cuối tuần.</p>\r\n\r\n<p>&Aacute;o thun Regular Rhythm Of Navy Blue c&oacute; kiểu d&aacute;ng regular fit, vừa vặn với người mặc m&agrave; kh&ocirc;ng qu&aacute; &ocirc;m s&aacute;t, gi&uacute;p bạn cảm thấy thoải m&aacute;i suốt cả ng&agrave;y.&nbsp;Bạn c&oacute; thể kết hợp n&oacute; với quần jeans, quần shorts hoặc trousers để tạo n&ecirc;n c&aacute;c trang phục thời trang ri&ecirc;ng biệt.</p>\r\n', 1, 117),
(87, 'Áo Thun Cozy Moment', 280000, 'Áo Thun Cozy Moment1709109850.webp', 100, '<ul>\r\n	<li><strong>Bảng size</strong>:&nbsp;</li>\r\n</ul>\r\n\r\n<p>- Size S:&nbsp;C&acirc;n nặng 53-60kg;&nbsp;Ngang vai: 43.5cm;&nbsp;Rộng ngực: 100cm; D&agrave;i &aacute;o: 69cm</p>\r\n\r\n<p>- Size M: C&acirc;n nặng 60-68kg;&nbsp;Ngang vai: 45cm; Rộng ngực: 106cm; D&agrave;i &aacute;o: 70cm</p>\r\n\r\n<p>- Size L: C&acirc;n nặng 68-78kg; Ngang vai: 46.5cm; Rộng ngực: 112cm; D&agrave;i &aacute;o: 71cm</p>\r\n\r\n<p>- Size XL:&nbsp;C&acirc;n nặng 78-85kg;&nbsp;Ngang vai:48cm;&nbsp;Rộng ngực: 118cm; D&agrave;i &aacute;o: 72cm</p>\r\n\r\n<ul>\r\n	<li><strong>Chất liệu</strong>:&nbsp;Cotton 2 chiều&nbsp;</li>\r\n</ul>\r\n\r\n<ul>\r\n	<li><strong>Form &aacute;o</strong>: Regular&nbsp;</li>\r\n	<li><strong>Đặc điểm</strong>:&nbsp;</li>\r\n</ul>\r\n\r\n<p>Sản phẩm thuộc Bộ sưu tập H&egrave; của ICONDENIM</p>\r\n\r\n<p>Thiết kế kh&ocirc;ng cường điệu về họa tiết m&agrave; c&oacute; sự tinh tế về chi tiết, với chữ c&aacute;i D trong t&ecirc;n thương hiệu được đi viền mạnh mẽ, c&ugrave;ng sự lồng gh&eacute;p biểu tượng logo mark của ICODENIM.&nbsp;&Aacute;o cổ&nbsp;tr&ograve;n với phần tay raglan nổi bật, mang đến cảm hứng bằng tinh thần &quot;cozy&quot; -&nbsp;thoải m&aacute;i, tận hưởng.</p>\r\n\r\n<p>Đ&acirc;y l&agrave; một trong những kiểu &aacute;o cơ bản v&agrave; n&ecirc;n được xuất hiện&nbsp;trong nhiều ho&agrave;n cảnh kh&aacute;c nhau như đi hẹn h&ograve;, gặp gỡ bạn b&egrave;, v&agrave; đặc biệt l&agrave; những chuyến đi..</p>\r\n\r\n<p>Chất liệu co gi&atilde;n tốt, đứng form tạo cảm gi&aacute;c thoải m&aacute;i. Chất liệu cotton l&agrave; một trong những chất liệu thấm h&uacute;t mồ h&ocirc;i tốt, tạo sự tho&aacute;ng m&aacute;t v&agrave; thoải m&aacute;i cho người mặc.</p>\r\n', 1, 117),
(88, 'Áo Thun Regular Bear\'s Warm Melody', 290000, 'Áo Thun Regular Bear\'s Warm Melody1709109950.webp', 100, '<ul>\r\n	<li><strong>Bảng size</strong>:&nbsp;</li>\r\n</ul>\r\n\r\n<p>- Size S:&nbsp;C&acirc;n nặng 53-60kg;&nbsp;Ngang vai: 59cm;&nbsp;Rộng ngực: 106cm; D&agrave;i &aacute;o: 71.5cm</p>\r\n\r\n<p>- Size M: C&acirc;n nặng 60-68kg;&nbsp;Ngang vai: 60.5cm; Rộng ngực: 112cm; D&agrave;i &aacute;o: 72.5cm</p>\r\n\r\n<p>- Size L: C&acirc;n nặng 68-78kg; Ngang vai: 62cm; Rộng ngực: 116cm; D&agrave;i &aacute;o: 73.5cm</p>\r\n\r\n<p>- Size XL:&nbsp;C&acirc;n nặng 78-85kg;&nbsp;Ngang vai:63.5cm;&nbsp;Rộng ngực: 120cm; D&agrave;i &aacute;o: 74.5cm</p>\r\n\r\n<ul>\r\n	<li><strong>Chất liệu</strong>:&nbsp;Vải thun Cotton 220gsm</li>\r\n</ul>\r\n\r\n<ul>\r\n	<li><strong>Form &aacute;o</strong>: Regular&nbsp;</li>\r\n	<li><strong>Đặc điểm</strong>:&nbsp;</li>\r\n</ul>\r\n\r\n<p>&Aacute;o Thun Regular Bear&#39;s Warm Melody c&oacute; thiết kế đ&aacute;ng y&ecirc;u v&agrave; s&aacute;ng tạo với h&igrave;nh ảnh 4 ch&uacute; gấu đại diện cho 4 phong c&aacute;ch &acirc;m nhạc kh&aacute;c nhau. Mỗi ch&uacute; gấu c&oacute; một biểu tượng thể hiện sự đam m&ecirc; của họ trong &acirc;m nhạc. Thiết kế n&agrave;y tạo ra sự tương t&aacute;c vui nhộn v&agrave; th&uacute; vị.&nbsp;</p>\r\n\r\n<p>C&oacute; sẵn hai m&agrave;u sắc để bạn lựa chọn theo phong c&aacute;ch của ri&ecirc;ng m&igrave;nh, đ&acirc;y l&agrave; sự lựa chọn tuyệt vời cho những người y&ecirc;u th&iacute;ch &acirc;m nhạc v&agrave; mong muốn thể hiện sự độc đ&aacute;o của họ với vật liệu cao cấp, mang lại cảm gi&aacute;c thoải m&aacute;i v&agrave; độ bền l&acirc;u d&agrave;i.</p>\r\n', 1, 117),
(89, 'Áo Thun Regular Pocket Rounded Pattern', 290000, 'Áo Thun Regular Pocket Rounded Pattern1709110948.webp', 100, '<ul>\r\n	<li><strong>Bảng size</strong>:&nbsp;</li>\r\n</ul>\r\n\r\n<p>- Size S:&nbsp;C&acirc;n nặng 53-60kg;&nbsp;Ngang vai: 43.5cm;&nbsp;Rộng ngực: 100cm; D&agrave;i &aacute;o: 71cm</p>\r\n\r\n<p>- Size M: C&acirc;n nặng 60-68kg;&nbsp;Ngang vai: 45cm; Rộng ngực: 106cm; D&agrave;i &aacute;o: 72cm</p>\r\n\r\n<p>- Size L: C&acirc;n nặng 68-78kg; Ngang vai: 46.5cm; Rộng ngực: 108cm; D&agrave;i &aacute;o: 73cm</p>\r\n\r\n<p>- Size XL:&nbsp;C&acirc;n nặng 78-85kg;&nbsp;Ngang vai:48cm;&nbsp;Rộng ngực: 112cm; D&agrave;i &aacute;o: 74cm</p>\r\n\r\n<ul>\r\n	<li><strong>Chất liệu</strong>: Cotton 240gsm&nbsp;</li>\r\n</ul>\r\n\r\n<ul>\r\n	<li><strong>Form &aacute;o</strong>: Regular&nbsp;</li>\r\n	<li><strong>Đặc điểm</strong>:&nbsp;</li>\r\n</ul>\r\n\r\n<p>&Aacute;o nền trắng tinh kh&ocirc;i, được phối th&ecirc;m viền đen tinh tế, tạo n&ecirc;n sự tương phản độc đ&aacute;o. T&uacute;i &aacute;o đặc biệt với pattern hai chữ c&aacute;i I v&agrave; D, đại diện cho thương hiệu - ICONDENIM.&nbsp;Sử dụng vải cotton 240gsm mang lại cảm gi&aacute;c thoải m&aacute;i, mềm mại v&agrave; bền bỉ. Chất liệu n&agrave;y kh&ocirc;ng chỉ giữ cho &aacute;o thun của bạn giữ form d&aacute;ng l&acirc;u d&agrave;i m&agrave; c&ograve;n tạo sự th&ocirc;ng tho&aacute;ng, ph&ugrave; hợp với mọi loại da.&nbsp;</p>\r\n\r\n<p>Được thiết kế với form d&aacute;ng ph&ugrave; hợp với mọi nam giới v&agrave; tạo n&ecirc;n sự thoải m&aacute;i tối đa. Đường may tỉ mỉ v&agrave; chắc chắn, đảm bảo sự ho&agrave;n hảo trong từng đường n&eacute;t.&nbsp;Với phong c&aacute;ch hiện đại v&agrave; tinh tế, chiếc &aacute;o n&agrave;y kh&ocirc;ng chỉ l&agrave; lựa chọn ho&agrave;n hảo cho những buổi gặp gỡ bạn b&egrave; hay hẹn h&ograve;, m&agrave; c&ograve;n ph&ugrave; hợp với mọi ho&agrave;n cảnh, từ c&ocirc;ng việc đến giải tr&iacute;. Sự đa dạng trong ứng dụng l&agrave; điểm mạnh gi&uacute;p bạn tỏa s&aacute;ng mọi l&uacute;c, mọi nơi.</p>\r\n', 1, 117),
(90, 'Áo Thun Regular Tenacity Power', 290000, 'Áo Thun Regular Tenacity Power1709111104.webp', 100, '<ul>\r\n	<li><strong>Bảng size</strong>:&nbsp;</li>\r\n</ul>\r\n\r\n<p>- Size S:&nbsp;C&acirc;n nặng 53-60kg;&nbsp;Ngang vai: 43.5cm;&nbsp;Rộng ngực: 100cm; D&agrave;i &aacute;o: 71cm</p>\r\n\r\n<p>- Size M: C&acirc;n nặng 60-68kg;&nbsp;Ngang vai: 45cm; Rộng ngực: 106cm; D&agrave;i &aacute;o: 72cm</p>\r\n\r\n<p>- Size L: C&acirc;n nặng 68-78kg; Ngang vai: 46.5cm; Rộng ngực: 108cm; D&agrave;i &aacute;o: 73cm</p>\r\n\r\n<p>- Size XL:&nbsp;C&acirc;n nặng 78-85kg;&nbsp;Ngang vai:48cm;&nbsp;Rộng ngực: 112cm; D&agrave;i &aacute;o: 74cm</p>\r\n\r\n<ul>\r\n	<li><strong>Chất liệu</strong>: Cotton 220gsm&nbsp;</li>\r\n</ul>\r\n\r\n<ul>\r\n	<li><strong>Form &aacute;o</strong>: Regular&nbsp;</li>\r\n	<li><strong>Đặc điểm</strong>:&nbsp;</li>\r\n</ul>\r\n\r\n<p>&Aacute;o Thun Regular Tenacity Power kh&ocirc;ng chỉ l&agrave; một chiếc &aacute;o mang đến vẻ&nbsp;thời trang, m&agrave; c&ograve;n l&agrave; biểu tượng của sức mạnh v&agrave; tinh thần bền bỉ. Họa tiết trước ngực được c&aacute;ch&nbsp;điệu h&oacute;a từ hai chữ c&aacute;i A v&agrave; Z, đại diện cho&nbsp;t&iacute;nh&nbsp;xuy&ecirc;n suốt v&agrave; liền mạch, tượng trưng cho sự bền bỉ&nbsp;v&agrave; quyết t&acirc;m trong việc đạt được mục ti&ecirc;u.&nbsp;Với chất liệu vải cotton chất lượng cao, &Aacute;o Thun Regular Tenacity Power mang lại sự thoải m&aacute;i v&agrave; mềm mại cho l&agrave;n da. Với trọng lượng 220gsm, &aacute;o c&oacute; độ d&agrave;y vừa phải, phản &aacute;nh chất lượng v&agrave; sự bền đẹp.</p>\r\n\r\n<p>Với form d&aacute;ng regular fit, &aacute;o vừa vặn thoải m&aacute;i tr&ecirc;n cơ thể m&agrave; kh&ocirc;ng g&ograve; b&oacute;. Đường may tỉ mỉ v&agrave; chắc chắn với&nbsp;m&agrave;u n&acirc;u tinh tế, tạo n&ecirc;n sự ấm &aacute;p v&agrave; sang trọng. M&agrave;u n&acirc;u l&agrave; biểu tượng của sự vững ch&atilde;i,&nbsp;chắc chắn -&nbsp;l&agrave; sự kết hợp ho&agrave;n hảo giữa phong c&aacute;ch v&agrave; t&iacute;nh tương phản.</p>\r\n', 1, 117),
(91, 'Áo Sơmi Cuban Roadway Legend', 390000, 'Áo Sơmi Cuban Roadway Legend1709111730.jpg', 100, '<ul>\r\n	<li><strong>Bảng size:</strong></li>\r\n</ul>\r\n\r\n<p>- Size S: C&acirc;n nặng 53-60kg; Ngang vai: 50cm; Rộng ngực 1/2: 52cm; D&agrave;i &aacute;o: 68cm<br />\r\n- Size M: C&acirc;n nặng 60-68kg; Ngang vai: 51cm; Rộng ngực 1/2: 54cm; D&agrave;i &aacute;o: 70cm<br />\r\n- Size L: C&acirc;n nặng 68-78k; Ngang vai: 52cm; Rộng ngực 1/2: 56cm; D&agrave;i &aacute;o: 72cm<br />\r\n- Size XL: C&acirc;n nặng: 78-85kg; Ngang vai: 53cm; Rộng ngực: 1/2: 58cm; D&agrave;i &aacute;o: 74cm</p>\r\n\r\n<ul>\r\n	<li><strong>Chất liệu:</strong>&nbsp;Mesh</li>\r\n	<li><strong>Form &aacute;o:</strong>&nbsp;Relaxed</li>\r\n	<li><strong>Đặc điểm:</strong></li>\r\n</ul>\r\n\r\n<p>Chất liệu Mesh của &Aacute;o Sơmi Cuban Roadway Legend l&agrave; điểm nhấn nổi bật, mang lại sự thoải m&aacute;i v&agrave; độ th&ocirc;ng tho&aacute;ng nhờ c&aacute;c mắt lưới. Với đặc t&iacute;nh của mesh, &aacute;o gi&uacute;p người mặc cảm gi&aacute;c thoải m&aacute;i trong những ng&agrave;y nắng n&oacute;ng. D&aacute;ng &aacute;o Relexed cũng tạo n&ecirc;n sự thoải m&aacute;i v&agrave; phong c&aacute;ch tự do. Form d&aacute;ng rộng r&atilde;i n&agrave;y l&agrave; lựa chọn ho&agrave;n hảo cho những ng&agrave;y dạo phố hay những chuyến du lịch d&agrave;i ng&agrave;y.&nbsp;M&agrave;u sắc của &Aacute;o Sơmi Cuban Roadway Legend được chọn lựa cẩn thận, thường l&agrave; những gam m&agrave;u nhẹ v&agrave; tinh tế, m&agrave; lại tạo th&agrave;nh bức tranh đầy sống động.</p>\r\n\r\n<p>L&agrave; lựa chọn l&yacute; tưởng cho những ng&agrave;y h&egrave; sắp tới, Cuban Roadway Legend th&iacute;ch hợp cho c&aacute;c hoạt động ngoại &ocirc;, du lịch, hoặc thậm ch&iacute; l&agrave; một bữa tiệc tr&ecirc;n b&atilde;i biển. Với sự thoải m&aacute;i v&agrave; phong c&aacute;ch tự do, &aacute;o l&agrave; điểm nhấn cho phong c&aacute;ch sống linh hoạt v&agrave; thư gi&atilde;n.</p>\r\n', 1, 143),
(92, 'Áo Sơmi Cuban Linen Dark Florist', 320000, 'Áo Sơmi Cuban Linen Dark Florist1709111822.jpg', 100, '<ul>\r\n	<li><strong>Bảng size:</strong></li>\r\n</ul>\r\n\r\n<p>- Size S: C&acirc;n nặng 53-60kg; Ngang vai: 50cm; Rộng ngực 1/2: 52cm; D&agrave;i &aacute;o: 68cm<br />\r\n- Size M: C&acirc;n nặng 60-68kg; Ngang vai: 51cm; Rộng ngực 1/2: 54cm; D&agrave;i &aacute;o: 70cm<br />\r\n- Size L: C&acirc;n nặng 68-78k; Ngang vai: 52cm; Rộng ngực 1/2: 56cm; D&agrave;i &aacute;o: 72cm<br />\r\n- Size XL: C&acirc;n nặng: 78-85kg; Ngang vai: 53cm; Rộng ngực: 1/2: 58cm; D&agrave;i &aacute;o: 74cm</p>\r\n\r\n<ul>\r\n	<li><strong>Chất liệu:</strong>&nbsp;Linen</li>\r\n	<li><strong>Form &aacute;o:</strong>&nbsp;Relaxed</li>\r\n	<li><strong>Đặc điểm:</strong></li>\r\n</ul>\r\n\r\n<p>Kết hợp giữa vẻ ngoại h&igrave;nh lịch l&atilde;m của sơmi Cuban v&agrave; sự tương phản&nbsp;của họa tiết Dark Florist đỏ tr&ecirc;n nền đen, chiếc &aacute;o l&agrave; sự kết hợp ho&agrave;n hảo giữa phong c&aacute;ch cổ điển v&agrave; sự hiện đại, tạo n&ecirc;n vẻ đẳng cấp độc đ&aacute;o.&nbsp;Chất liệu linen kh&ocirc;ng chỉ tạo cảm gi&aacute;c mềm mại tr&ecirc;n da m&agrave; c&ograve;n c&oacute; khả năng thấm h&uacute;t mồ h&ocirc;i tốt, gi&uacute;p bạn duy tr&igrave; sự thoải m&aacute;i trong những ng&agrave;y nắng n&oacute;ng. Với độ bền v&agrave; khả năng tho&aacute;ng kh&iacute;, &aacute;o sơmi n&agrave;y l&agrave; lựa chọn l&yacute; tưởng cho m&ugrave;a h&egrave;.</p>\r\n', 1, 143),
(93, 'Áo Sơmi Cuban Floral Plain', 320000, 'Áo Sơmi Cuban Floral Plain1709112511.webp', 100, '<ul>\r\n	<li><strong>Bảng size:</strong></li>\r\n</ul>\r\n\r\n<p>- Size S: C&acirc;n nặng 53-60kg; Ngang vai: 50cm; Rộng ngực 1/2: 52cm; D&agrave;i &aacute;o: 68cm<br />\r\n- Size M: C&acirc;n nặng 60-68kg; Ngang vai: 51cm; Rộng ngực 1/2: 54cm; D&agrave;i &aacute;o: 70cm<br />\r\n- Size L: C&acirc;n nặng 68-78k; Ngang vai: 52cm; Rộng ngực 1/2: 56cm; D&agrave;i &aacute;o: 72cm<br />\r\n- Size XL: C&acirc;n nặng: 78-85kg; Ngang vai: 53cm; Rộng ngực: 1/2: 58cm; D&agrave;i &aacute;o: 74cm</p>\r\n\r\n<ul>\r\n	<li><strong>Chất liệu:</strong>&nbsp;Linen</li>\r\n	<li><strong>Form &aacute;o:</strong>&nbsp;Relaxed</li>\r\n	<li><strong>Đặc điểm:</strong></li>\r\n</ul>\r\n\r\n<p>Với form relaxed c&ugrave;ng chất liệu linen tinh tế, mang lại cảm gi&aacute;c thoải m&aacute;i v&agrave; nhẹ nh&agrave;ng cho người mặc, &aacute;o sơmi n&agrave;y kh&ocirc;ng chỉ l&agrave; một bản kết hợp ho&agrave;n hảo giữa kiểu d&aacute;ng truyền thống v&agrave; xu hướng thời trang hiện đại, m&agrave; c&ograve;n l&agrave; biểu tượng của phong c&aacute;ch tự do v&agrave; thoải m&aacute;i.&nbsp;Họa tiết phong c&aacute;ch thảo nguy&ecirc;n, du mục theo hướng Bohemian&nbsp;v&agrave; thổ cẩm sắp xếp theo từng khối vu&ocirc;ng, l&agrave; điểm nhấn nghệ thuật độc đ&aacute;o. Mỗi khối vu&ocirc;ng như một t&aacute;c phẩm nghệ thuật ri&ecirc;ng, tạo n&ecirc;n một h&igrave;nh ảnh trực quan sống động v&agrave; thu h&uacute;t người nh&igrave;n.&nbsp;</p>\r\n', 1, 143),
(94, 'Áo Sơmi Cuban Floral Printed', 320000, 'Áo Sơmi Cuban Floral Printed1709111997.jpg', 100, '<ul>\r\n	<li><strong>Bảng size:</strong></li>\r\n</ul>\r\n\r\n<p>- Size S: C&acirc;n nặng 53-60kg; Ngang vai: 50cm; Rộng ngực 1/2: 52cm; D&agrave;i &aacute;o: 68cm<br />\r\n- Size M: C&acirc;n nặng 60-68kg; Ngang vai: 51cm; Rộng ngực 1/2: 54cm; D&agrave;i &aacute;o: 70cm<br />\r\n- Size L: C&acirc;n nặng 68-78k; Ngang vai: 52cm; Rộng ngực 1/2: 56cm; D&agrave;i &aacute;o: 72cm<br />\r\n- Size XL: C&acirc;n nặng: 78-85kg; Ngang vai: 53cm; Rộng ngực: 1/2: 58cm; D&agrave;i &aacute;o: 74cm</p>\r\n\r\n<ul>\r\n	<li><strong>Chất liệu:</strong>&nbsp;Vải Chun ch&eacute;o</li>\r\n	<li><strong>Form &aacute;o:</strong>&nbsp;Relaxed</li>\r\n	<li><strong>Đặc điểm:</strong></li>\r\n</ul>\r\n\r\n<p>Với cổ K tay ngắn, &aacute;o n&agrave;y mang lại sự thoải m&aacute;i v&agrave; phong c&aacute;ch đương đại. Form d&aacute;ng relaxed thoải m&aacute;i v&agrave; ph&oacute;ng kho&aacute;ng.&nbsp;Mỗi họa tiết h&igrave;nh hoa cỏ được in&nbsp;tỉ mỉ v&agrave; tinh tế, tạo n&ecirc;n một bức tranh sống động tr&ecirc;n nền vải chun ch&eacute;o.&nbsp;Chất liệu n&agrave;y c&oacute; khả năng tho&aacute;t hơi tốt, gi&uacute;p bạn cảm thấy thoải m&aacute;i trong những ng&agrave;y nắng n&oacute;ng.&nbsp;</p>\r\n\r\n<p>&Aacute;o Sơmi n&agrave;y cũng l&agrave; lựa chọn ho&agrave;n hảo cho những chuyến du lịch hay c&aacute;c sự kiện ngoại &ocirc;.&nbsp;H&igrave;nh ảnh hoa l&aacute; in độc đ&aacute;o tr&ecirc;n chiếc &aacute;o n&agrave;y kh&ocirc;ng chỉ tạo điểm nhấn nổi bật m&agrave; c&ograve;n thể hiện sự tự do v&agrave; niềm vui.</p>\r\n', 1, 143),
(95, 'Áo Sơmi Corduroy Fabric Embroidered Logo', 390000, 'Áo Sơmi Corduroy Fabric Embroidered Logo1709112057.jpg', 100, '<ul>\r\n	<li><strong>Bảng size</strong>:&nbsp;</li>\r\n</ul>\r\n\r\n<p>- Size S: C&acirc;n nặng 53-60kg; Ngang vai: 45cm; Rộng ngực 1/2: 50cm; D&agrave;i &aacute;o: 72cm&nbsp;</p>\r\n\r\n<p>- Size M: C&acirc;n nặng 60-68kg; Ngang vai: 46.5cm; Rộng ngực 1/2: 52cm; D&agrave;i &aacute;o: 73,5cm&nbsp;</p>\r\n\r\n<p>- Size L: C&acirc;n nặng 68-78kg; Ngang vai: 48cm; Rộng ngực 1/2: 54cm; D&agrave;i &aacute;o: 75cm&nbsp;</p>\r\n\r\n<p>- Size XL: C&acirc;n nặng 78-85kg; Ngang vai: 49.5cm; Rộng ngực 1/2: 56cm; D&agrave;i &aacute;o: 76,5cm</p>\r\n\r\n<ul>\r\n	<li><strong>Chất liệu</strong>: Nhung tăm</li>\r\n	<li><strong>Form &aacute;o</strong>: Regular</li>\r\n	<li><strong>Đặc điểm</strong>:&nbsp;</li>\r\n</ul>\r\n\r\n<p>Chất liệu corduroy kh&ocirc;ng chỉ tạo n&ecirc;n cảm gi&aacute;c mềm mại v&agrave; ấm &aacute;p m&agrave; c&ograve;n đảm bảo &aacute;o sơmi giữ được form d&aacute;ng v&agrave; m&agrave;u sắc, chống nhăn&nbsp;sau nhiều lần sử dụng.&nbsp;&Aacute;o sơmi n&agrave;y c&oacute; sẵn ba m&agrave;u đen, n&acirc;u, v&agrave; be, tạo n&ecirc;n sự đa dạng trong lựa chọn, ph&ugrave; hợp với c&aacute;i t&ocirc;i của mọi người.&nbsp;Chi tiết logo th&ecirc;u được chăm ch&uacute;t tinh tế, tạo điểm nhấn độc đ&aacute;o v&agrave; l&agrave; điểm nhấn cho chiếc &aacute;o, thể hiện sự chất lượng v&agrave; c&aacute;i nh&igrave;n tổng thể ho&agrave;n hảo.</p>\r\n\r\n<p>&Aacute;o Sơmi Corduroy Fabric Embroidered Logo kh&ocirc;ng chỉ ph&ugrave; hợp cho m&ocirc;i trường c&ocirc;ng sở m&agrave; c&ograve;n l&agrave; lựa chọn l&yacute; tưởng cho c&aacute;c buổi gặp gỡ bạn b&egrave;, cuộc hẹn l&atilde;ng mạn hay thậm ch&iacute; l&agrave; dự tiệc nhờ&nbsp;v&agrave;o ba m&agrave;u sắc cơ bản v&agrave; thiết kế đơn giản n&ecirc;n&nbsp;dễ d&agrave;ng kết hợp với quần &acirc;u, quần jean, hay thậm ch&iacute; l&agrave; quần kaki, tạo n&ecirc;n nhiều phong c&aacute;ch kh&aacute;c nhau.</p>\r\n', 1, 143),
(96, 'Áo Sơmi Relaxed-Fit Basic', 199000, 'Áo Sơmi Relaxed-Fit Basic1709112169.jpg', 100, '<ul>\r\n	<li><strong>Bảng size:</strong></li>\r\n</ul>\r\n\r\n<p>- Size S: C&acirc;n nặng 53-60kg; Ngang vai: 45cm; Rộng ngực 1/2: 52cm; D&agrave;i &aacute;o: 72cm<br />\r\n- Size M: C&acirc;n nặng 60-68kg; Ngang vai: 46.5cm; Rộng ngực 1/2: 54cm; D&agrave;i &aacute;o: 73cm<br />\r\n- Size L: C&acirc;n nặng 68-78k; Ngang vai: 47cm; Rộng ngực 1/2: 56cm; D&agrave;i &aacute;o: 74cm<br />\r\n- Size XL: C&acirc;n nặng: 78-85kg; Ngang vai: 48cm; Rộng ngực: 1/2: 58cm; D&agrave;i &aacute;o: 75cm</p>\r\n\r\n<ul>\r\n	<li><strong>Chất liệu:</strong>&nbsp;Cotton</li>\r\n	<li><strong>Form &aacute;o:</strong>&nbsp;Relaxed</li>\r\n	<li><strong>Đặc điểm:</strong></li>\r\n</ul>\r\n\r\n<p>Phom &aacute;o&nbsp;c&oacute; độ rộng vai lớn, mang lại cảm gi&aacute;c thoải m&aacute;i cho mỗi chuyển động.&nbsp;</p>\r\n\r\n<p>C&aacute;c mẫu &aacute;o sơ mi denim mỏng&nbsp;mang&nbsp;m&agrave;u sắc trẻ trung với cổ &aacute;o thẳng nhọn độc đ&aacute;o v&agrave; hai t&uacute;i trước ngực may ẩn tinh tế.</p>\r\n\r\n<p>Mẫu &aacute;o sơ mi denim&nbsp;trẻ trung, khỏe khoắn&nbsp;sẽ gi&uacute;p bạn tự tin hơn trong những buổi gặp gỡ c&ugrave;ng bạn b&egrave;, đi du lịch, hay cả những buổi đi hẹn h&ograve;.</p>\r\n', 1, 143),
(97, 'Áo Sơmi Palewave Densed Stripes', 390000, 'Áo Sơmi Palewave Densed Stripes1709112236.webp', 100, '<ul>\r\n	<li><strong>Bảng size:</strong></li>\r\n</ul>\r\n\r\n<p>- Size S: C&acirc;n nặng 53-60kg; Ngang vai: 44cm; Rộng ngực 1/2: 49cm; D&agrave;i &aacute;o: 69cm<br />\r\n- Size M: C&acirc;n nặng 60-68kg; Ngang vai: 45cm; Rộng ngực 1/2: 52cm; D&agrave;i &aacute;o: 71cm<br />\r\n- Size L: C&acirc;n nặng 68-78k; Ngang vai: 47cm; Rộng ngực 1/2: 55cm; D&agrave;i &aacute;o: 71cm<br />\r\n- Size XL: C&acirc;n nặng: 78-85kg; Ngang vai: 48cm; Rộng ngực: 1/2: 58cm; D&agrave;i &aacute;o: 75cm</p>\r\n\r\n<ul>\r\n	<li><strong>Chất liệu:</strong>&nbsp;Vải kẻ sọc</li>\r\n	<li><strong>Form &aacute;o:</strong>&nbsp;Slimfit</li>\r\n	<li><strong>Đặc điểm:</strong></li>\r\n</ul>\r\n\r\n<p>Mang phong c&aacute;ch nhẹ nh&agrave;ng tinh tế với phần sọc mịn v&agrave; chạy dọc tạo n&ecirc;n ưu điểm&nbsp;cho h&igrave;nh thể, với điểm nhấn logo in trước ngực. Hai m&agrave;u sắc&nbsp;x&aacute;m v&agrave; xanh theo tone pastel nhẹ nh&agrave;ng Palewave xu hướng H&agrave;n Quốc. Th&iacute;ch hợp c&aacute;c kiểu quần trousers v&agrave; jeans lẫn short, linh hoạt v&agrave; nhiều ưu điểm.</p>\r\n', 1, 143),
(98, 'Áo Sơmi Tay Dài Relaxed-Fit Vải Bamboo', 199000, 'Áo Sơmi Tay Dài Relaxed-Fit Vải Bamboo1709112326.webp', 100, '<ul>\r\n	<li><strong>Bảng size</strong>:&nbsp;</li>\r\n</ul>\r\n\r\n<p>- Size S: C&acirc;n nặng 53-60kg; Ngang vai: 43cm; Rộng ngực: 100cm; D&agrave;i &aacute;o: 72cm&nbsp;</p>\r\n\r\n<p>- Size M: C&acirc;n nặng 60-68kg; Ngang vai: 44cm; Rộng ngực: 103cm; D&agrave;i &aacute;o: 74cm&nbsp;</p>\r\n\r\n<p>- Size L: C&acirc;n nặng 68-78kg; Ngang vai: 46cm; Rộng ngực: 107cm; D&agrave;i &aacute;o: 74cm&nbsp;</p>\r\n\r\n<p>- Size XL: C&acirc;n nặng 78-85kg; Ngang vai: 48cm; Rộng ngực: 112cm; D&agrave;i &aacute;o: 75.5cm</p>\r\n\r\n<ul>\r\n	<li><strong>Chất liệu</strong>: Vải Bamboo</li>\r\n</ul>\r\n\r\n<ul>\r\n	<li><strong>Form &aacute;o</strong>: Relaxed&nbsp;</li>\r\n	<li><strong>Đặc điểm</strong>:&nbsp;</li>\r\n</ul>\r\n\r\n<p>Chất liệu nhẹ, mềm mại, tho&aacute;ng m&aacute;t v&agrave; thấm h&uacute;t mồ h&ocirc;i tốt nhưng vẫn&nbsp;đứng form tạo cảm gi&aacute;c&nbsp;thoải m&aacute;i cho người mặc. Điểm đặt biệt ở chất liệu n&agrave;y ch&iacute;nh l&agrave; khả năng chống nhăn hiệu quả</p>\r\n\r\n<p>&Aacute;o sơ mi cổ trụ&nbsp;dưới ch&acirc;n cổ c&oacute; phối d&acirc;y độc đ&aacute;o l&agrave;m điểm nhấn. Phần lai &aacute;o l&agrave; vạt bầu nhẹ tạo sự thanh lịch.</p>\r\n\r\n<p>&Aacute;o sơ mi đem đến vẻ đẹp lịch sự v&agrave; tinh tế cho người mặc, nhưng vẫn c&oacute; n&eacute;t trẻ trung, đem đến sự thoải m&aacute;i, tho&aacute;ng m&aacute;t khi sử dụng.</p>\r\n', 1, 143),
(99, 'Áo Sơmi Denim Wash Vertical Stripes Blue', 299000, 'Áo Sơmi Denim Wash Vertical Stripes Blue1709112400.jpg', 100, '<ul>\r\n	<li><strong>Bảng size</strong>:&nbsp;</li>\r\n</ul>\r\n\r\n<p>- Size S: C&acirc;n nặng 53-60kg; Ngang vai: cm; Rộng ngực 1/2: 52cm; D&agrave;i &aacute;o: 70.5cm&nbsp;</p>\r\n\r\n<p>- Size M: C&acirc;n nặng 60-68kg; Ngang vai: cm; Rộng ngực 1/2: 54cm; D&agrave;i &aacute;o: 71.5cm&nbsp;</p>\r\n\r\n<p>- Size L: C&acirc;n nặng 68-78kg; Ngang vai: cm; Rộng ngực 1/2: 56cm; D&agrave;i &aacute;o: 72.5cm&nbsp;</p>\r\n\r\n<p>- Size XL: C&acirc;n nặng 78-85kg; Ngang vai: cm; Rộng ngực 1/2: 58cm; D&agrave;i &aacute;o: 73.5cm</p>\r\n\r\n<ul>\r\n	<li><strong>Chất liệu</strong>: Denim</li>\r\n</ul>\r\n\r\n<ul>\r\n	<li><strong>Form &aacute;o</strong>: Regular</li>\r\n	<li><strong>Đặc điểm</strong>:&nbsp;</li>\r\n</ul>\r\n\r\n<p>Chất liệu Denim bền bỉ, tho&aacute;ng m&aacute;t. Cổ &aacute;o kiểu thẳng nhọn phối hoạt tiết wash nhẹ tạo điểm nhấn.</p>\r\n\r\n<p>&Aacute;o Sơmi Denim&nbsp;mới nhất từ nh&agrave; ICON DENIM, chi tiết&nbsp;thiết kế&nbsp;độc đ&aacute;o v&agrave; mới lạ nhằm n&acirc;ng cao phong c&aacute;ch, v&agrave; n&acirc;ng tầm tiện lợi cho người mặc.&nbsp;</p>\r\n', 1, 143),
(100, 'Áo Khoác Trucker Denim City Explorer', 590000, 'Áo Khoác Trucker Denim City Explorer1709112714.jpg', 100, '<ul>\r\n	<li><strong>Bảng size</strong>:&nbsp;</li>\r\n</ul>\r\n\r\n<p>- Size S: C&acirc;n nặng: 53-60kg;&nbsp;Ngang vai: 50m;&nbsp;Rộng ngực: 115cm;&nbsp;D&agrave;i &aacute;o: 65cm<br />\r\n- Size M: C&acirc;n nặng 60-68kg; Ngang vai: 51cm;&nbsp;Rộng ngực: 118cm;&nbsp;D&agrave;i &aacute;o: 66cm<br />\r\n- Size L:&nbsp; C&acirc;n nặng 68-78kg;&nbsp;Ngang vai: 52cm;&nbsp;Rộng ngực: 120cm;&nbsp;D&agrave;i &aacute;o: 67cm<br />\r\n- Size XL: C&acirc;n nặng 78-88kg;&nbsp;Ngang vai: 53cm;&nbsp;Rộng ngực: 122cm;&nbsp;D&agrave;i &aacute;o: 68cm</p>\r\n\r\n<ul>\r\n	<li><strong>Chất liệu</strong>: Denim</li>\r\n	<li><strong>Form &aacute;o</strong>: Regular</li>\r\n	<li><strong>Đặc điểm</strong>:&nbsp;</li>\r\n</ul>\r\n\r\n<p>Nguồn cảm hứng cho những người y&ecirc;u th&iacute;ch sự đơn giản v&agrave; ph&oacute;ng kho&aacute;ng đậm chất đ&ocirc; thị&nbsp;trong gam m&agrave;u denim truyền thống, tạo n&ecirc;n sự trẻ trung v&agrave; dễ d&agrave;ng kết hợp với nhiều trang phục kh&aacute;c nhau.&nbsp;Với form &aacute;o Regular c&ugrave;ng d&aacute;ng Trucker nam t&iacute;nh,&nbsp;chiếc &aacute;o kho&aacute;c &ocirc;m vừa vặn, tạo n&ecirc;n vẻ ngoại cỡ thoải m&aacute;i. Form d&aacute;ng n&agrave;y ph&ugrave; hợp với nhiều loại cơ thể, gi&uacute;p bạn tự tin v&agrave; thoải m&aacute;i mỗi khi mặc.&nbsp;City Explorer l&agrave; người bạn đồng h&agrave;nh l&yacute; tưởng cho những chuyến phi&ecirc;u lưu trong th&agrave;nh phố.</p>\r\n', 1, 144),
(101, 'Áo Khoác Denim Black Heavy Wash', 590000, 'Áo Khoác Denim Black Heavy Wash1709112797.jpg', 100, '<ul>\r\n	<li><strong>Bảng size</strong>:&nbsp;</li>\r\n</ul>\r\n\r\n<p>- Size S: C&acirc;n nặng: 53-60kg;&nbsp;Ngang vai: 49.5m;&nbsp;Rộng ngực: 108cm;&nbsp;D&agrave;i &aacute;o: 66cm<br />\r\n- Size M: C&acirc;n nặng 60-68kg; Ngang vai: 51cm;&nbsp;Rộng ngực: 112cm;&nbsp;D&agrave;i &aacute;o: 68cm<br />\r\n- Size L:&nbsp; C&acirc;n nặng 68-78kg;&nbsp;Ngang vai:52.5cm;&nbsp;Rộng ngực: 116cm;&nbsp;D&agrave;i &aacute;o: 70cm<br />\r\n- Size XL: C&acirc;n nặng 78-85kg;&nbsp;Ngang vai: 54cm;&nbsp;Rộng ngực: 120cm;&nbsp;D&agrave;i &aacute;o: 72cm</p>\r\n\r\n<ul>\r\n	<li><strong>Chất liệu</strong>: Denim</li>\r\n	<li><strong>Form &aacute;o</strong>: Regular</li>\r\n	<li><strong>Đặc điểm</strong>:&nbsp;</li>\r\n</ul>\r\n\r\n<p>&Aacute;o Kho&aacute;c Denim Black Heavy Wash&nbsp;mang chất liệu denim chất lượng cao gi&uacute;p &aacute;o kho&aacute;c bền bỉ, chống r&aacute;ch v&agrave; đồng thời tạo n&ecirc;n lớp vải d&agrave;y dặn. Thiết kế n&oacute;n c&oacute;&nbsp;d&acirc;y r&uacute;t điều chỉnh linh hoạt mang đến sự tiện lợi khi đi đường.</p>\r\n\r\n<p>&nbsp;</p>\r\n\r\n<p>M&agrave;u đen wash đặc trưng, sang trọng v&agrave; tinh tế, dễ d&agrave;ng kết hợp với nhiều phong c&aacute;ch trang phục kh&aacute;c nhau. &Aacute;o kho&aacute;c m&agrave;u đen wash cũng c&oacute; ưu điểm trong việc che đi những vết bẩn nhỏ v&agrave; l&agrave;m t&ocirc;n l&ecirc;n độ đẹp của &aacute;o kho&aacute;c theo thời gian.&nbsp;</p>\r\n\r\n<p>Đ&acirc;y kh&ocirc;ng chỉ l&agrave; một sản phẩm thời trang xuất sắc m&agrave; c&ograve;n l&agrave; sự lựa chọn th&ocirc;ng minh để tự tin diện&nbsp;thoải m&aacute;i trong mọi ho&agrave;n cảnh.</p>\r\n', 1, 144),
(102, 'Áo Khoác Phao Puffer Faux Fur Hooded', 950000, 'Áo Khoác Phao Puffer Faux Fur Hooded1709112949.webp', 100, '<ul>\r\n	<li><strong>Bảng size</strong>:&nbsp;</li>\r\n</ul>\r\n\r\n<p>- Size S: C&acirc;n nặng: 53-60kg; Rộng ngực: 114cm; Ngang vai: 48.5cm;&nbsp;D&agrave;i &aacute;o: 64cm<br />\r\n- Size M: C&acirc;n nặng 60-68kg; Rộng ngực: 119cm;&nbsp;Ngang vai: 50cm; D&agrave;i &aacute;o: 66cm<br />\r\n- Size L:&nbsp; C&acirc;n nặng 68-78kg; Rộng ngực: 124cm;&nbsp;Ngang vai: 51.5cm; D&agrave;i &aacute;o: 68cm<br />\r\n- Size XL: C&acirc;n nặng 78-85kg;&nbsp;Rộng ngực: 129cm;&nbsp;Ngang vai: 53cm; D&agrave;i &aacute;o: 70cm</p>\r\n\r\n<ul>\r\n	<li><strong>Chất liệu</strong>:&nbsp;D&ugrave; chằn g&ograve;n</li>\r\n	<li><strong>Form &aacute;o</strong>: Regular</li>\r\n	<li><strong>Đặc điểm</strong>:&nbsp;</li>\r\n</ul>\r\n\r\n<p>&Aacute;o Kho&aacute;c Phao Puffer Faux Fur Hooded&nbsp;được l&agrave;m từ chất liệu d&ugrave; chằn g&ograve;n, mang lại sự ấm &aacute;p v&agrave; chống gi&oacute; hiệu quả. Chất liệu d&ugrave; chằn g&ograve;n kh&ocirc;ng chỉ giữ cho cơ thể ấm, m&agrave; c&ograve;n tạo lớp chắn g&ograve;n nhẹ nh&agrave;ng, gi&uacute;p giữ nhiệt độ cơ thể v&agrave; ngăn chặn gi&oacute; lạnh từ b&ecirc;n ngo&agrave;i.</p>\r\n\r\n<p>N&oacute;n &aacute;o được thiết kế với l&ocirc;ng tinh tế kh&ocirc;ng chỉ l&agrave;m cho &aacute;o trở n&ecirc;n sang trọng m&agrave; c&ograve;n tăng cường khả năng giữ ấm cho phần đầu. Được kết hợp với chất liệu d&ugrave; chằn g&ograve;n, &aacute;o kho&aacute;c phao trở th&agrave;nh lựa chọn l&yacute; tưởng cho những ng&agrave;y thời tiết se lạnh.</p>\r\n', 1, 144),
(103, 'Áo Khoác Nỉ Hooded Casual Sleeve Label', 420000, 'Áo Khoác Nỉ Hooded Casual Sleeve Label1709113043.webp', 100, '<ul>\r\n	<li><strong>Bảng size</strong>:&nbsp;</li>\r\n</ul>\r\n\r\n<p>- Size S: C&acirc;n nặng: 53-60kg; Rộng ngực: 114cm; Ngang vai:&nbsp;51cm;&nbsp;D&agrave;i &aacute;o: 68cm<br />\r\n- Size M: C&acirc;n nặng 60-68kg; Rộng ngực: 118cm;&nbsp;Ngang vai: 52cm; D&agrave;i &aacute;o: 69cm<br />\r\n- Size L:&nbsp; C&acirc;n nặng 68-78kg; Rộng ngực: 122cm;&nbsp;Ngang vai: 53cm; D&agrave;i &aacute;o: 70cm<br />\r\n- Size XL: C&acirc;n nặng 78-85kg;&nbsp;Rộng ngực: 126cm;&nbsp;Ngang vai: 54cm; D&agrave;i &aacute;o: 71cm</p>\r\n\r\n<ul>\r\n	<li><strong>Chất liệu</strong>:&nbsp;Nỉ ch&acirc;n cua 350gr</li>\r\n</ul>\r\n\r\n<ul>\r\n	<li><strong>Form &aacute;o</strong>: Regular</li>\r\n	<li><strong>Đặc điểm</strong>:&nbsp;</li>\r\n</ul>\r\n\r\n<p>Thiết kế tối giản với d&aacute;ng vừa vặn, &aacute;o kho&aacute;c n&agrave;y dễ d&agrave;ng kết hợp với nhiều phong c&aacute;ch kh&aacute;c nhau, từ casual đến semi-formal.Với thiết kế d&acirc;y k&eacute;o chắc chắn v&agrave; n&oacute;n, &aacute;o kho&aacute;c n&agrave;y kh&ocirc;ng chỉ l&agrave; một phụ kiện thời trang m&agrave; c&ograve;n mang lại sự tiện lợi trong việc điều h&ograve;a&nbsp;nhiệt độ v&agrave; bảo vệ bạn khỏi gi&oacute; lạnh.&nbsp;Với&nbsp;hai lựa chọn&nbsp;m&agrave;u sắc tinh tế - x&aacute;m v&agrave; đen, &aacute;o kho&aacute;c n&agrave;y l&agrave; sự kết hợp ho&agrave;n hảo giữa t&iacute;nh hiện đại v&agrave; dễ d&agrave;ng phối hợp với nhiều trang phục kh&aacute;c nhau. Cho d&ugrave; bạn chọn sự lịch l&atilde;m của x&aacute;m hay sự cổ điển của đen, bạn đều sẽ tỏa s&aacute;ng trong mọi dịp.</p>\r\n', 1, 144),
(104, 'Áo Khoác Dù Raglan Clock Color', 490000, 'Áo Khoác Dù Raglan Clock Color1709113120.webp', 100, '<ul>\r\n	<li><strong>Bảng size</strong>:&nbsp;</li>\r\n</ul>\r\n\r\n<p>- Size S: C&acirc;n nặng: 53-60kg; Rộng ngực: 118cm;&nbsp;D&agrave;i &aacute;o: 68cm<br />\r\n- Size M: C&acirc;n nặng 60-68kg; Rộng ngực: 120cm;&nbsp;D&agrave;i &aacute;o: 69cm<br />\r\n- Size L:&nbsp; C&acirc;n nặng 68-78kg; Rộng ngực: 124cm;&nbsp;D&agrave;i &aacute;o: 70cm<br />\r\n- Size XL: C&acirc;n nặng 78-88kg;&nbsp;Rộng ngực: 128cm;&nbsp;D&agrave;i &aacute;o: 71cm</p>\r\n\r\n<ul>\r\n	<li><strong>Chất liệu</strong>:&nbsp;Vải D&ugrave; Kẻ</li>\r\n</ul>\r\n\r\n<ul>\r\n	<li><strong>Form &aacute;o</strong>: Regular</li>\r\n	<li><strong>Đặc điểm</strong>:&nbsp;</li>\r\n</ul>\r\n\r\n<p>Đặc điểm nổi bật của sản phẩm n&agrave;y l&agrave; sự kết hợp tinh tế giữa ba m&agrave;u sắc độc đ&aacute;o: đen, v&agrave;ng nghệ v&agrave; kem. Thiết kế raglan mang đến sự tương phản độc đ&aacute;o giữa ba m&agrave;u, tạo điểm nhấn th&uacute; vị cho bộ trang phục. &Aacute;o kho&aacute;c c&oacute; n&oacute;n&nbsp;cho ph&eacute;p bạn sử dụng linh hoạt&nbsp;theo t&igrave;nh h&igrave;nh thời tiết hoặc phong c&aacute;ch c&aacute; nh&acirc;n. Phần thiết kế r&atilde; rập ở &aacute;o gi&uacute;p tạo sự c&aacute; t&iacute;nh v&agrave; độc đ&aacute;o, tạo điểm nhấn th&uacute; vị cho sản phẩm.</p>\r\n\r\n<p>&Aacute;o kho&aacute;c được l&agrave;m từ chất liệu d&ugrave; kẻ chất lượng cao, đảm bảo sự thoải m&aacute;i v&agrave; bền bỉ. Chất liệu n&agrave;y gi&uacute;p bảo vệ bạn khỏi gi&oacute; lạnh v&agrave; mưa nhẹ, l&agrave; sự lựa chọn ho&agrave;n hảo cho m&ugrave;a thu v&agrave; m&ugrave;a đ&ocirc;ng. Vải d&ugrave; kẻ cũng tạo ra một hiệu ứng thị gi&aacute;c th&uacute; vị, tạo th&ecirc;m sự ph&aacute; c&aacute;ch cho sản phẩm.</p>\r\n\r\n<p>&Aacute;o Kho&aacute;c D&ugrave; Raglan &quot;Clock Color&quot; dễ d&agrave;ng phối đồ với nhiều trang phục kh&aacute;c nhau. Bạn c&oacute; thể kết hợp n&oacute; với quần jean, quần kaki, hoặc cả quần shorts để tạo n&ecirc;n c&aacute;c outfit thời trang. Kết hợp với &aacute;o thun hoặc &aacute;o sơ mi, sản phẩm n&agrave;y c&oacute; thể dễ d&agrave;ng biến đổi từ phong c&aacute;ch thường ng&agrave;y đến phong c&aacute;ch thời trang hơn.</p>\r\n', 2, 144),
(105, 'Áo Khoác Caro Basic Good Day', 89000, 'Áo Khoác Caro Basic Good Day1709113319.webp', 100, '<ul>\r\n	<li><strong>Bảng size</strong>:&nbsp;</li>\r\n</ul>\r\n\r\n<p>- Size S: C&acirc;n nặng: 53-60kg;&nbsp;Ngang vai: 45cm;&nbsp;Rộng ngực: 51cm;&nbsp;D&agrave;i &aacute;o: 70cm<br />\r\n- Size M: C&acirc;n nặng 60-68kg; Ngang vai: 46cm;&nbsp;Rộng ngực: 53cm;&nbsp;D&agrave;i &aacute;o: 72cm<br />\r\n- Size L:&nbsp; C&acirc;n nặng 68-78kg;&nbsp;Ngang vai:47cm;&nbsp;Rộng ngực:&nbsp;55cm;&nbsp;D&agrave;i &aacute;o: 74cm<br />\r\n- Size XL: C&acirc;n nặng 78-85kg;&nbsp;Ngang vai: 48cm;&nbsp;Rộng ngực: 57cm;&nbsp;D&agrave;i &aacute;o: 76cm</p>\r\n\r\n<ul>\r\n	<li><strong>Chất liệu</strong>: Vải Flannel</li>\r\n</ul>\r\n\r\n<ul>\r\n	<li><strong>Form &aacute;o</strong>: Regular</li>\r\n	<li><strong>Đặc điểm</strong>:&nbsp;</li>\r\n</ul>\r\n\r\n<p>Chất liệu mềm mại, mỏng nhẹ&nbsp;kết hợp c&ugrave;ng m&agrave;u sắc tươi s&aacute;ng&nbsp;khiến item trở n&ecirc;n trẻ&nbsp;trung&nbsp;v&agrave; thời trang.</p>\r\n\r\n<p>&Aacute;o vừa c&oacute; khả năng chống lạnh ,chống nắng, chống gi&oacute; v&agrave;&nbsp;bụi khi đi đường;&nbsp;</p>\r\n\r\n<p>&Aacute;o kho&aacute;c từ nh&agrave; ICON DENIM gi&uacute;p bạn&nbsp;n&acirc;ng tầm&nbsp;phong c&aacute;ch, mang&nbsp;đến sự thoải m&aacute;i&nbsp;cho người mặc.</p>\r\n', 1, 144),
(106, 'Quần Jeans Skinny-Fit Light Blue Ripped', 550000, 'Quần Jeans Skinny-Fit Light Blue Ripped1709113430.webp', 100, '<ul>\r\n	<li><strong>Bảng size</strong>:&nbsp;</li>\r\n</ul>\r\n\r\n<p>- Size 29:&nbsp;V&ograve;ng lưng: 74cm; V&ograve;ng đ&ugrave;i: 52cm; Rộng ống: 28cm; D&agrave;i quần 97cm&nbsp;</p>\r\n\r\n<p>- Size 30: V&ograve;ng lưng: 76cm; V&ograve;ng đ&ugrave;i: 53cm; Rộng ống: 28cm; D&agrave;i quần 97cm&nbsp;</p>\r\n\r\n<p>- Size 31: V&ograve;ng lưng: 79cm;&nbsp;V&ograve;ng đ&ugrave;i: 54cm;&nbsp;Rộng ống 29cm;&nbsp;D&agrave;i quần 98cm&nbsp;</p>\r\n\r\n<p>- Size 32:&nbsp;V&ograve;ng lưng: 81cm;&nbsp;V&ograve;ng đ&ugrave;i: 55cm;&nbsp;Rộng ống 29cm;&nbsp;D&agrave;i quần 98cm&nbsp;</p>\r\n\r\n<p>- Size 34:&nbsp;V&ograve;ng lưng: 84cm;&nbsp;V&ograve;ng đ&ugrave;i: 57cm; Rộng ống 31cm;&nbsp;D&agrave;i quần 99cm&nbsp;</p>\r\n\r\n<p>- Size 36:&nbsp;V&ograve;ng lưng: 87cm;&nbsp;V&ograve;ng đ&ugrave;i: 58cm;&nbsp;Rộng ống 31cm;&nbsp;D&agrave;i quần 99cm</p>\r\n\r\n<ul>\r\n	<li><strong>Chất liệu</strong>: Denim</li>\r\n	<li><strong>Form quần</strong>: Skinny</li>\r\n	<li><strong>Đặc điểm</strong>:&nbsp;</li>\r\n</ul>\r\n\r\n<p>Quần Jeans Skinny-Fit Light Blue Ripped mang đến một tuy&ecirc;n bố mạnh mẽ về phong c&aacute;ch v&agrave; sự c&aacute; nh&acirc;n. Chất liệu denim chất lượng cao gi&uacute;p tạo n&ecirc;n một sản phẩm kh&ocirc;ng chỉ thời trang m&agrave; c&ograve;n bền bỉ v&agrave; thoải m&aacute;i.</p>\r\n\r\n<p>Form quần Skinny l&agrave; sự kết hợp ho&agrave;n hảo giữa kiểu d&aacute;ng hiện đại v&agrave; vẻ ngoại h&igrave;nh thon gọn, t&ocirc;n l&ecirc;n những đường cong tự nhi&ecirc;n. Điều n&agrave;y kh&ocirc;ng chỉ l&agrave;m nổi bật vẻ c&aacute; t&iacute;nh m&agrave; c&ograve;n tạo n&ecirc;n sự tự tin cho người mặc.</p>\r\n\r\n<p>M&agrave;u sắc Light Blue của quần jeans tạo ra một vẻ ngoại h&igrave;nh trẻ trung v&agrave; tươi mới, dễ d&agrave;ng kết hợp với nhiều loại &aacute;o v&agrave; phụ kiện kh&aacute;c nhau. Đồng thời, chi tiết Ripped th&ecirc;m v&agrave;o sự th&uacute; vị v&agrave; c&aacute; t&iacute;nh, l&agrave;m cho sản phẩm trở n&ecirc;n độc đ&aacute;o v&agrave; s&aacute;ng tạo.</p>\r\n', 1, 118);
INSERT INTO `tbl_product` (`id_product`, `title_product`, `price_product`, `image_product`, `quantity_product`, `desc_product`, `product_hot`, `id_cat_product`) VALUES
(107, 'Quần Jeans Straight Beige Wash', 550000, 'Quần Jeans Straight Beige Wash1709113492.webp', 100, '<ul>\r\n	<li><strong>Bảng size</strong>:&nbsp;</li>\r\n</ul>\r\n\r\n<p>- Size 29:&nbsp;V&ograve;ng lưng: 76cm; V&ograve;ng đ&ugrave;i: 59cm; Rộng ống: 36cm; D&agrave;i quần 95cm&nbsp;</p>\r\n\r\n<p>- Size 30: V&ograve;ng lưng: 80cm; V&ograve;ng đ&ugrave;i: 61cm; Rộng ống: 37cm; D&agrave;i quần 96cm&nbsp;</p>\r\n\r\n<p>- Size 31: V&ograve;ng lưng: 84cm;&nbsp;V&ograve;ng đ&ugrave;i: 63cm;&nbsp;Rộng ống 38cm;&nbsp;D&agrave;i quần 97cm&nbsp;</p>\r\n\r\n<p>- Size 32:&nbsp;V&ograve;ng lưng: 88cm;&nbsp;V&ograve;ng đ&ugrave;i: 65cm;&nbsp;Rộng ống 39cm;&nbsp;D&agrave;i quần 98cm&nbsp;</p>\r\n\r\n<p>- Size 34:&nbsp;V&ograve;ng lưng: 92cm;&nbsp;V&ograve;ng đ&ugrave;i: 67cm; Rộng ống 40cm;&nbsp;D&agrave;i quần 99cm&nbsp;</p>\r\n\r\n<p>- Size 36:&nbsp;V&ograve;ng lưng: 96cm;&nbsp;V&ograve;ng đ&ugrave;i: 69cm;&nbsp;Rộng ống 41cm;&nbsp;D&agrave;i quần 100cm</p>\r\n\r\n<ul>\r\n	<li><strong>Chất liệu</strong>: Denim</li>\r\n	<li><strong>Form quần</strong>: Straight</li>\r\n	<li><strong>Đặc điểm</strong>:&nbsp;</li>\r\n</ul>\r\n\r\n<p>Beige Wash l&agrave; sự kết hợp tuyệt vời giữa sự truyền thống v&agrave; sự hiện đại. M&agrave;u sắc nhẹ nh&agrave;ng v&agrave; trung t&iacute;nh tạo n&ecirc;n sự thanh lịch v&agrave; dễ d&agrave;ng phối hợp với nhiều trang phục kh&aacute;c nhau.&nbsp;Chất liệu denim chất lượng cao gi&uacute;p giữ cho quần lu&ocirc;n giữ form v&agrave; m&agrave;u sắc sau nhiều lần giặt. Chất liệu n&agrave;y kh&ocirc;ng chỉ mang lại sự bền bỉ m&agrave; c&ograve;n tạo cảm gi&aacute;c thoải m&aacute;i khi mặc.</p>\r\n\r\n<p>Với form quần Straight, chiếc quần n&agrave;y mang lại vẻ đẹp truyền thống v&agrave; sự thoải m&aacute;i. Thiết kế đơn giản nhưng chăm chỉ, l&agrave;m cho n&oacute; dễ d&agrave;ng kết hợp với nhiều phong c&aacute;ch kh&aacute;c nhau.&nbsp;Dễ d&agrave;ng kết hợp với &aacute;o thun, &aacute;o polo, hoặc thậm ch&iacute; l&agrave; &aacute;o sơ mi, ch&uacute;ng l&agrave; điểm nhấn cho phong c&aacute;ch c&aacute; nh&acirc;n của bạn.</p>\r\n', 1, 118),
(108, 'Quần Jeans Slimfit Brown Faded Ripped De', 550000, 'Quần Jeans Slimfit Brown Faded Ripped Detail1709113589.webp', 100, '<ul>\r\n	<li><strong>Bảng size</strong>:&nbsp;</li>\r\n</ul>\r\n\r\n<p>- Size 29:&nbsp;V&ograve;ng lưng: 77cm; V&ograve;ng đ&ugrave;i: 54cm; Rộng ống: 29cm; D&agrave;i quần 95cm&nbsp;</p>\r\n\r\n<p>- Size 30: V&ograve;ng lưng: 79cm; V&ograve;ng đ&ugrave;i: 55cm; Rộng ống: 30cm; D&agrave;i quần 96cm&nbsp;</p>\r\n\r\n<p>- Size 31: V&ograve;ng lưng: 82cm;&nbsp;V&ograve;ng đ&ugrave;i: 56cm;&nbsp;Rộng ống 31cm;&nbsp;D&agrave;i quần 97cm&nbsp;</p>\r\n\r\n<p>- Size 32:&nbsp;V&ograve;ng lưng: 84cm;&nbsp;V&ograve;ng đ&ugrave;i: 58cm;&nbsp;Rộng ống 31cm;&nbsp;D&agrave;i quần 97cm&nbsp;</p>\r\n\r\n<p>- Size 34:&nbsp;V&ograve;ng lưng: 87cm;&nbsp;V&ograve;ng đ&ugrave;i: 59cm; Rộng ống 32cm;&nbsp;D&agrave;i quần 98cm&nbsp;</p>\r\n\r\n<p>- Size 36:&nbsp;V&ograve;ng lưng: 90cm;&nbsp;V&ograve;ng đ&ugrave;i: 60cm;&nbsp;Rộng ống 33cm;&nbsp;D&agrave;i quần 99cm</p>\r\n\r\n<ul>\r\n	<li><strong>Chất liệu</strong>: Denim l&oacute;t Cotton</li>\r\n</ul>\r\n\r\n<ul>\r\n	<li><strong>Form quần</strong>: Slimfit</li>\r\n	<li><strong>Đặc điểm</strong>:&nbsp;</li>\r\n</ul>\r\n\r\n<p>Với form d&aacute;ng Slimfit, chiếc quần n&agrave;y &ocirc;m vừa vặn từ h&ocirc;ng đến ch&acirc;n, t&ocirc;n l&ecirc;n đường cong cơ thể m&agrave; vẫn đảm bảo sự thoải m&aacute;i v&agrave; thuận lợi trong việc kết hợp với nhiều loại gi&agrave;y v&agrave; &aacute;o kh&aacute;c nhau.&nbsp;Quần Jeans Slimfit Brown Faded với Ripped Detail l&agrave; sự kết hợp tinh tế giữa thiết kế Slimfit v&agrave; chi tiết r&aacute;ch nổi bật, tạo điểm nhấn v&agrave; phong c&aacute;ch ri&ecirc;ng biệt cho bộ trang phục của bạn.&nbsp;</p>\r\n\r\n<p>Chi tiết Ripped tinh tế ở đ&ugrave;i v&agrave; đầu gối kh&ocirc;ng chỉ tạo điểm nhấn thời trang m&agrave; c&ograve;n thể hiện c&aacute; t&iacute;nh v&agrave; phong c&aacute;ch rebel, cho n&ecirc;n đ&acirc;y&nbsp;kh&ocirc;ng chỉ l&agrave; trang phục h&agrave;ng ng&agrave;y m&agrave; c&ograve;n l&agrave; sự lựa chọn độc đ&aacute;o cho c&aacute;c sự kiện giải tr&iacute;, dạo phố, hay thậm ch&iacute; l&agrave; c&aacute;c buổi hẹn h&ograve;.</p>\r\n', 1, 118),
(109, 'Quần Denim Smartfit Black-Indigo Decorat', 550000, 'Quần Denim Smartfit Black-Indigo Decoration Stitching1709113655.webp', 100, '<ul>\r\n	<li><strong>Bảng Size</strong></li>\r\n</ul>\r\n\r\n<p>Size 29 C&acirc;n nặng 50-60kg; V&ograve;ng Lưng: 76cm; V&ograve;ng Đ&ugrave;i: 54cm; D&agrave;i Quần: 92cm; Rộng Ống: 28cm</p>\r\n\r\n<p>Size 30: C&acirc;n nặng 61-65kg; V&ograve;ng Lưng: 79cm; V&ograve;ng Đ&ugrave;i: 55cm; D&agrave;i Quần: 94cm; Rộng Ống:29cm</p>\r\n\r\n<p>Size 31: C&acirc;n nặng 66-70kg; V&ograve;ng Lưng: 81cm; V&ograve;ng Đ&ugrave;i: 57cm; D&agrave;i Quần: 94cm; Rộng Ống: 29cm</p>\r\n\r\n<p>Size 32: C&acirc;n nặng 71-75kg; V&ograve;ng Lưng: 84cm; V&ograve;ng Đ&ugrave;i: 58cm; D&agrave;i Quần: 95cm; Rộng Ống: 30cm</p>\r\n\r\n<p>Size 34: C&acirc;n nặng 76-80kg; V&ograve;ng Lưng: 87cm; V&ograve;ng Đ&ugrave;i: 59cm; D&agrave;i Quần 96cm; Rộng Ống: 31cm</p>\r\n\r\n<p>Size 36: C&acirc;n nặng 81-85kg; V&ograve;ng Lưng: 89cm; V&ograve;ng Đ&ugrave;i: 61cm; D&agrave;i Quần: 96cm; Rộng Ống: 31cm</p>\r\n\r\n<ul>\r\n	<li><strong>Chất liệu:</strong>&nbsp;Denim</li>\r\n	<li><strong>Phom quần:</strong>&nbsp;Smart Fit</li>\r\n	<li><strong>Đặc điểm:&nbsp;</strong></li>\r\n</ul>\r\n\r\n<p>Thiết kế smart-fit tại ICONDENIM mang lại sự kết hợp tinh tế giữa phần h&ocirc;ng slimfit v&agrave; ống skinny độc trưng, tạo n&ecirc;n form d&aacute;ng độc đ&aacute;o v&agrave; hiện đại. Đường may tỉ mỉ v&agrave; sự chăm ch&uacute;t đến từng chi tiết gi&uacute;p quần &ocirc;m vừa vặn, n&acirc;ng cao vẻ ngoại h&igrave;nh v&agrave; tạo điểm nhấn cho phong c&aacute;ch c&aacute; nh&acirc;n của bạn.</p>\r\n\r\n<p>Kh&ocirc;ng chỉ nổi bật với form d&aacute;ng độc đ&aacute;o m&agrave; c&ograve;n với chi tiết Black-Indigo Decoration Stitching. Đường may được thực hiện một c&aacute;ch tỉ mỉ, tạo ra những điểm nhấn tinh tế v&agrave; độc đ&aacute;o tr&ecirc;n quần, l&agrave;m tăng th&ecirc;m gi&aacute; trị thẩm mỹ v&agrave; sự độc đ&aacute;o.&nbsp;D&ugrave; bạn đang đi l&agrave;m, dạo phố hay tham gia c&aacute;c sự kiện đặc biệt, sản phẩm n&agrave;y sẽ l&agrave; điểm nhấn ho&agrave;n hảo cho phong c&aacute;ch c&aacute; nh&acirc;n của bạn.</p>\r\n', 1, 118),
(110, 'Quần Jeans Skinny Wash W Orgnls Embroide', 399000, 'Quần Jeans Skinny Wash W Orgnls Embroider1709113746.webp', 100, '<ul>\r\n	<li><strong>Bảng size</strong>:&nbsp;</li>\r\n</ul>\r\n\r\n<p>- Size 29:&nbsp;V&ograve;ng lưng: 76cm; V&ograve;ng đ&ugrave;i: 53cm; Rộng ống: 25cm; D&agrave;i quần 91cm&nbsp;</p>\r\n\r\n<p>- Size 30: V&ograve;ng lưng: 78cm; V&ograve;ng đ&ugrave;i: 55cm; Rộng ống: 26cm; D&agrave;i quần 92cm&nbsp;</p>\r\n\r\n<p>- Size 31: V&ograve;ng lưng: 80cm;&nbsp;V&ograve;ng đ&ugrave;i: 56cm;&nbsp;Rộng ống 27cm;&nbsp;D&agrave;i quần 92cm&nbsp;</p>\r\n\r\n<p>- Size 32:&nbsp;V&ograve;ng lưng: 82cm;&nbsp;V&ograve;ng đ&ugrave;i: 57cm;&nbsp;Rộng ống 27cm;&nbsp;D&agrave;i quần 93cm&nbsp;</p>\r\n\r\n<p>- Size 34:&nbsp;V&ograve;ng lưng: 86cm;&nbsp;V&ograve;ng đ&ugrave;i: 58cm; Rộng ống 28cm;&nbsp;D&agrave;i quần 93cm&nbsp;</p>\r\n\r\n<p>- Size 36:&nbsp;V&ograve;ng lưng: 90cm;&nbsp;V&ograve;ng đ&ugrave;i: 60cm;&nbsp;Rộng ống 29cm;&nbsp;D&agrave;i quần 94cm</p>\r\n\r\n<ul>\r\n	<li><strong>Chất liệu</strong>: Denim</li>\r\n</ul>\r\n\r\n<ul>\r\n	<li><strong>Form quần</strong>: Skinny</li>\r\n	<li><strong>Đặc điểm</strong>:&nbsp;</li>\r\n</ul>\r\n\r\n<p>Quần Jean skinny, c&ugrave;ng họa tiết nổi bật.&nbsp;Điểm nhấn đặc biệt của loại quần n&agrave;y l&agrave; c&oacute; logo &quot;Orgnls&quot; được th&ecirc;u hoặc in tr&ecirc;n phần đ&ugrave;i.</p>\r\n\r\n<p>Kiểu d&aacute;ng Skinny c&oacute; đặc điểm &ocirc;m s&aacute;t từ eo đến ch&acirc;n, gi&uacute;p t&ocirc;n l&ecirc;n đường cong cơ thể v&agrave; tạo n&ecirc;n vẻ thon gọn, phong c&aacute;ch.&nbsp;Logo &quot;Orgnls&quot; ở đ&ugrave;i l&agrave; điểm nhấn thời trang, thể hiện cho t&iacute;nh nhận diện của d&ograve;ng sản phẩm&nbsp;Orgnls từ&nbsp;thương hiệu ICONDENIM.</p>\r\n\r\n<p>Quần Jean&nbsp;l&agrave; một trong những lựa chọn ph&ugrave; hợp trong mọi ho&agrave;n cảnh (như đi l&agrave;m, đi chơi, đi tiệc,...)&nbsp;thường ng&agrave;y, đi chơi, dạo phố hoặc tham gia c&aacute;c sự kiện giải tr&iacute; kh&ocirc;ng qu&aacute; trang trọng nhưng vẫn&nbsp;lịch l&atilde;m.</p>\r\n', 1, 118),
(111, 'Quần Jeans Skinny Fit All White', 550000, 'Quần Jeans Skinny Fit All White1709113837.webp', 100, '<ul>\r\n	<li><strong>Bảng size</strong>:&nbsp;</li>\r\n</ul>\r\n\r\n<p>- Size 29:&nbsp;V&ograve;ng lưng: 74cm; V&ograve;ng đ&ugrave;i: 52cm; Rộng ống: 28cm; D&agrave;i quần 97cm&nbsp;</p>\r\n\r\n<p>- Size 30: V&ograve;ng lưng: 798cm; V&ograve;ng đ&ugrave;i: 53cm; Rộng ống: 29cm; D&agrave;i quần 97cm&nbsp;</p>\r\n\r\n<p>- Size 31: V&ograve;ng lưng: 79cm;&nbsp;V&ograve;ng đ&ugrave;i: 54cm;&nbsp;Rộng ống 29cm;&nbsp;D&agrave;i quần 98cm&nbsp;</p>\r\n\r\n<p>- Size 32:&nbsp;V&ograve;ng lưng: 81cm;&nbsp;V&ograve;ng đ&ugrave;i: 55cm;&nbsp;Rộng ống 30cm;&nbsp;D&agrave;i quần 98cm&nbsp;</p>\r\n\r\n<p>- Size 34:&nbsp;V&ograve;ng lưng: 84cm;&nbsp;V&ograve;ng đ&ugrave;i: 56cm; Rộng ống 31cm;&nbsp;D&agrave;i quần 99cm&nbsp;</p>\r\n\r\n<p>- Size 36:&nbsp;V&ograve;ng lưng: 87cm;&nbsp;V&ograve;ng đ&ugrave;i: 57cm;&nbsp;Rộng ống 31cm;&nbsp;D&agrave;i quần 99cm</p>\r\n\r\n<ul>\r\n	<li><strong>Chất liệu</strong>: Denim</li>\r\n	<li><strong>Form quần</strong>: Skinny</li>\r\n	<li><strong>Đặc điểm</strong>:&nbsp;</li>\r\n</ul>\r\n\r\n<p>M&agrave;u trắng tinh kh&ocirc;i l&agrave;m nổi bật sự thanh lịch v&agrave; sạch sẽ của chiếc quần, tạo n&ecirc;n điểm nhấn thu h&uacute;t mọi &aacute;nh nh&igrave;n. M&agrave;u trắng cũng dễ d&agrave;ng phối hợp với nhiều loại &aacute;o kh&aacute;c nhau.&nbsp;Sử dụng chất liệu denim chất lượng cao, quần giữ form d&aacute;ng tốt v&agrave; kh&ocirc;ng bị nhăn sau nhiều lần sử dụng. Chất liệu n&agrave;y mang lại sự thoải m&aacute;i v&agrave; linh hoạt cho người mặc.</p>\r\n\r\n<p>Với form d&aacute;ng Skinny Fit, chiếc quần n&agrave;y kh&ocirc;ng chỉ gi&uacute;p t&ocirc;n l&ecirc;n đường cong cơ thể m&agrave; c&ograve;n tạo n&ecirc;n vẻ ngoại h&igrave;nh thời trang v&agrave; hiện đại. Thiết kế đơn giản nhưng tinh tế l&agrave;m cho n&oacute; dễ d&agrave;ng kết hợp với nhiều phong c&aacute;ch kh&aacute;c nhau.</p>\r\n', 1, 118),
(112, 'Quần Short Jeans Slimfit Torn Wash', 390000, 'Quần Short Jeans Slimfit Torn Wash1709114169.webp', 100, '<ul>\r\n	<li><strong>Bảng size</strong>:&nbsp;</li>\r\n</ul>\r\n\r\n<p>- Size 29: V&ograve;ng lưng: 78cm;&nbsp;V&ograve;ng đ&ugrave;i: 57cm;&nbsp;Rộng ống 1/2: 21.5cm;&nbsp;D&agrave;i quần 46cm</p>\r\n\r\n<p>- Size 30: V&ograve;ng lưng: 81cm;&nbsp;V&ograve;ng đ&ugrave;i: 58cm;&nbsp;Rộng ống 1/2: 22cm;&nbsp;D&agrave;i quần 46.5cm</p>\r\n\r\n<p>- Size 31:&nbsp;V&ograve;ng lưng: 83cm;&nbsp;V&ograve;ng đ&ugrave;i: 60cm;&nbsp;Rộng ống 1/2: 22.5cm;&nbsp;D&agrave;i quần 47cm</p>\r\n\r\n<p>- Size 32:&nbsp;V&ograve;ng lưng: 86cm;&nbsp;V&ograve;ng đ&ugrave;i: 61cm;&nbsp;Rộng ống 1/2: 23cm;&nbsp;D&agrave;i quần 47.5cm</p>\r\n\r\n<p>- Size 34:&nbsp;V&ograve;ng lưng: 88cm;&nbsp;V&ograve;ng đ&ugrave;i: 62cm;&nbsp;Rộng ống 1/2: 23.5cm&nbsp;D&agrave;i quần 48cm</p>\r\n\r\n<p>- Size 36:&nbsp;V&ograve;ng lưng: 90cm;&nbsp;V&ograve;ng đ&ugrave;i: 63cm;&nbsp;Rộng ống 1/2: 24cm;&nbsp;D&agrave;i quần 48.5cm</p>\r\n\r\n<ul>\r\n	<li><strong>Chất liệu</strong>: Vải Denim</li>\r\n	<li><strong>Form quần</strong>: Slim-Fit</li>\r\n	<li><strong>Đặc điểm</strong>:&nbsp;</li>\r\n</ul>\r\n\r\n<p>Sự kết hợp giữa kiểu d&aacute;ng Slimfit, hiệu ứng Torn Wash v&agrave; sự đa dạng của hai m&agrave;u sắc trắng v&agrave; đen. Sự ph&aacute; c&aacute;ch v&agrave; năng động được thể hiện qua từng đường cắt v&agrave; chi tiết của quần short.&nbsp;Sự kết hợp giữa cotton v&agrave; elastane gi&uacute;p tạo ra sự co gi&atilde;n nhẹ, mang lại sự thoải m&aacute;i v&agrave; thoải m&aacute;i trong mọi hoạt động. Hiệu ứng Torn Wash l&agrave;m nổi bật vẻ s&agrave;nh điệu v&agrave; ph&aacute; c&aacute;ch của quần short, tạo n&ecirc;n một phong c&aacute;ch ri&ecirc;ng biệt.</p>\r\n\r\n<p>Quần Short Jeans Slimfit Torn Wash l&agrave; sự lựa chọn ho&agrave;n hảo cho những buổi dạo phố, c&aacute;c sự kiện ngoại &ocirc; hay thậm ch&iacute; l&agrave; những buổi hẹn h&ograve; cuối tuần. Sự đa dạng về m&agrave;u sắc gi&uacute;p bạn dễ d&agrave;ng phối hợp với nhiều trang phục kh&aacute;c nhau. Cho d&ugrave; bạn chọn m&agrave;u trắng tinh kh&ocirc;i hay m&agrave;u đen c&aacute; t&iacute;nh, quần short n&agrave;y sẽ l&agrave; điểm nhấn cho phong c&aacute;ch c&aacute; nh&acirc;n của bạn.</p>\r\n', 1, 120),
(113, 'Quần Short Regular Nỉ Chân Cua Basic', 320000, 'Quần Short Regular Nỉ Chân Cua Basic1709114217.webp', 100, '<ul>\r\n	<li><strong>Bảng size</strong>:&nbsp;</li>\r\n</ul>\r\n\r\n<p>- Size S: V&ograve;ng lưng: 74cm;&nbsp;V&ograve;ng đ&ugrave;i: 62cm; Rộng ống: 54cm; D&agrave;i quần 45cm<br />\r\n- Size M: V&ograve;ng lưng: 76cm; V&ograve;ng đ&ugrave;i: 64cm;&nbsp;Rộng ống: 56cm; D&agrave;i quần 46m<br />\r\n- Size L:&nbsp; V&ograve;ng lưng: 78cm; V&ograve;ng đ&ugrave;i: 66cm; Rộng ống: 58cm;&nbsp;D&agrave;i quần 47cm<br />\r\n- Size XL: V&ograve;ng lưng: 80cm; V&ograve;ng đ&ugrave;i: 68cm; Rộng ống: 60cm; D&agrave;i quần 48cm</p>\r\n\r\n<ul>\r\n	<li><strong>Chất liệu</strong>: Nỉ ch&acirc;n cua</li>\r\n	<li><strong>Form quần</strong>: Regular</li>\r\n	<li><strong>Đặc điểm</strong>:&nbsp;</li>\r\n</ul>\r\n\r\n<p>Sử dụng chất liệu nỉ ch&acirc;n cua mềm mại, quần short kh&ocirc;ng chỉ mang lại sự ấm &aacute;p m&agrave; c&ograve;n tạo cảm gi&aacute;c thoải m&aacute;i v&agrave; nhẹ nh&agrave;ng khi mặc.&nbsp;Với form d&aacute;ng Regular Fit, quần short n&agrave;y đảm bảo &ocirc;m vừa vặn m&agrave; kh&ocirc;ng g&ograve; b&oacute;, tạo cảm gi&aacute;c thoải m&aacute;i v&agrave; dễ di chuyển trong mọi hoạt động.Thiết kế đơn giản với ch&acirc;n cua tinh tế l&agrave;m nổi bật sự trang nh&atilde; v&agrave; tinh tế của quần short, gi&uacute;p bạn tỏa s&aacute;ng trong những bữa tiệc casual hoặc dạo phố. Bảng m&agrave;u đa dạng, từ những gam trung t&iacute;nh đến những m&agrave;u sắc s&aacute;ng tạo, gi&uacute;p bạn dễ d&agrave;ng phối hợp với c&aacute;c loại &aacute;o v&agrave; gi&agrave;y kh&aacute;c nhau.</p>\r\n', 1, 120),
(114, 'Quần Short Kaki Slimfit Neutral', 320000, 'Quần Short Kaki Slimfit Neutral1709114279.webp', 100, '<ul>\r\n	<li><strong>Bảng size</strong>:&nbsp;</li>\r\n</ul>\r\n\r\n<p>- Size 29: V&ograve;ng lưng: 78cm;&nbsp;V&ograve;ng đ&ugrave;i: 61cm;&nbsp;Rộng ống 1/2: 22.5cm;&nbsp;D&agrave;i quần 44cm</p>\r\n\r\n<p>- Size 30: V&ograve;ng lưng: 81cm;&nbsp;V&ograve;ng đ&ugrave;i: 62cm;&nbsp;Rộng ống 1/2: 23cm;&nbsp;D&agrave;i quần 45cm</p>\r\n\r\n<p>- Size 31:&nbsp;V&ograve;ng lưng: 84cm;&nbsp;V&ograve;ng đ&ugrave;i: 64cm;&nbsp;Rộng ống 1/2: 24cm;&nbsp;D&agrave;i quần 46cm</p>\r\n\r\n<p>- Size 32:&nbsp;V&ograve;ng lưng: 88cm;&nbsp;V&ograve;ng đ&ugrave;i: 66cm;&nbsp;Rộng ống 1/2: 25cm;&nbsp;D&agrave;i quần 47cm</p>\r\n\r\n<p>- Size 34:&nbsp;V&ograve;ng lưng: 92cm;&nbsp;V&ograve;ng đ&ugrave;i: 68cm;&nbsp;Rộng ống 1/2: 26cm&nbsp;D&agrave;i quần 48cm</p>\r\n\r\n<p>- Size 36:&nbsp;V&ograve;ng lưng: 96cm;&nbsp;V&ograve;ng đ&ugrave;i: 70cm;&nbsp;Rộng ống 1/2: 27cm;&nbsp;D&agrave;i quần 49cm</p>\r\n\r\n<ul>\r\n	<li><strong>Chất liệu</strong>: Kaki</li>\r\n	<li><strong>Form quần</strong>: Slim-Fit</li>\r\n	<li><strong>Đặc điểm</strong>:&nbsp;</li>\r\n</ul>\r\n\r\n<p>T&ocirc;ng trung t&iacute;nh với 4 m&agrave;u sắc ph&ugrave;&nbsp;hợp cho mọi dịp từ casual đến semi-formal với&nbsp;kaki chất lượng cao, ph&ugrave;&nbsp;hợp với d&aacute;ng v&oacute;c của người Việt Nam.&nbsp;Đảm bảo độ bền v&agrave; thoải m&aacute;i v&agrave; dễ giữ form ngay cả sau nhiều lần giặt.&nbsp;Kiểu d&aacute;ng &ocirc;m vừa tạo điểm nhấn về v&oacute;c d&aacute;ng nam t&iacute;nh m&agrave; vẫn thoải m&aacute;i khi mặc.&nbsp;Th&iacute;ch hợp với &aacute;o polo, &aacute;o thun, hoặc sơ mi,...&nbsp;cho cả những dịp đi chơi, dạo phố, hoặc gặp gỡ bạn b&egrave;.</p>\r\n', 1, 120),
(115, 'Quần Short Regular Reflected Light', 290000, 'Quần Short Regular Reflected Light1709114429.webp', 100, '<ul>\r\n	<li><strong>Bảng size</strong>:&nbsp;</li>\r\n</ul>\r\n\r\n<p>- Size S: V&ograve;ng lưng: 70cm;&nbsp;V&ograve;ng đ&ugrave;i: 64cm; Rộng ống: 25cm; D&agrave;i quần 43cm<br />\r\n- Size M: V&ograve;ng lưng: 74cm; V&ograve;ng đ&ugrave;i: 65cm;&nbsp;Rộng ống: 26cm; D&agrave;i quần 44m<br />\r\n- Size L:&nbsp; V&ograve;ng lưng: 78cm; V&ograve;ng đ&ugrave;i: 66cm; Rộng ống: 27cm;&nbsp;D&agrave;i quần 45cm<br />\r\n- Size XL: V&ograve;ng lưng: 82cm; V&ograve;ng đ&ugrave;i: 67cm; Rộng ống: 28cm; D&agrave;i quần 46cm</p>\r\n\r\n<ul>\r\n	<li><strong>Chất liệu</strong>: Vải Gi&oacute; Polyester</li>\r\n</ul>\r\n\r\n<ul>\r\n	<li><strong>Form quần</strong>: Regular&nbsp;</li>\r\n	<li><strong>Đặc điểm</strong>:&nbsp;</li>\r\n</ul>\r\n\r\n<p>Quần Short Regular Reflected Light c&oacute; một thiết kế hiện đại v&agrave; thời trang với đặc điểm nổi bật l&agrave; hai đường m&agrave;u phản quang ở mặt trước.&nbsp;Đường may tỉ mỉ v&agrave; cẩn thận gi&uacute;p sản phẩm c&oacute; độ bền cao.&nbsp;Quần c&oacute; phom d&aacute;ng thoải m&aacute;i, vừa vặn với nhiều d&aacute;ng v&oacute;c, mang lại sự thoải m&aacute;i cho người mặc.&nbsp;Đai quần co d&atilde;n, c&oacute; d&acirc;y r&uacute;t,&nbsp;gi&uacute;p bạn dễ d&agrave;ng thay đổi vị tr&iacute; tr&ecirc;n eo v&agrave; cung cấp sự thoải m&aacute;i tối ưu.&nbsp;Vải polyester l&agrave; một chất liệu nhẹ, bền, v&agrave; tho&aacute;ng kh&iacute;, gi&uacute;p bạn cảm thấy thoải m&aacute;i trong suốt cả ng&agrave;y. Ngo&agrave;i ra, đặc t&iacute;nh gi&oacute; của chất liệu n&agrave;y gi&uacute;p tạo sự tho&aacute;ng m&aacute;t cho cơ thể.</p>\r\n\r\n<p>Quần Short Regular Reflected Light l&agrave; sự lựa chọn ho&agrave;n hảo cho c&aacute;c hoạt động ngoại trời như chạy bộ, đi xe đạp, du lịch, hoặc thậm ch&iacute; l&agrave; dạo chơi tại c&ocirc;ng vi&ecirc;n.&nbsp;Đường m&agrave;u phản quang gi&uacute;p bạn được thấy dễ d&agrave;ng trong điều kiện &aacute;nh s&aacute;ng yếu hoặc trong buổi tối, l&agrave;m tăng t&iacute;nh an to&agrave;n.</p>\r\n', 1, 120),
(116, 'Quần Short Regular Be Active Orgnls 23', 250000, 'Quần Short Regular Be Active Orgnls 231709114529.webp', 100, '<ul>\r\n	<li><strong>Bảng size</strong>:&nbsp;</li>\r\n</ul>\r\n\r\n<p>- Size S: V&ograve;ng lưng: 74cm;&nbsp;V&ograve;ng đ&ugrave;i: 62cm; Rộng ống: 54cm; D&agrave;i quần 45cm<br />\r\n- Size M: V&ograve;ng lưng: 76cm; V&ograve;ng đ&ugrave;i: 64cm;&nbsp;Rộng ống: 56cm; D&agrave;i quần 46m<br />\r\n- Size L:&nbsp; V&ograve;ng lưng: 78cm; V&ograve;ng đ&ugrave;i: 66cm; Rộng ống: 58cm;&nbsp;D&agrave;i quần 47cm<br />\r\n- Size XL: V&ograve;ng lưng: 80cm; V&ograve;ng đ&ugrave;i: 68cm; Rộng ống: 60cm; D&agrave;i quần 48cm</p>\r\n\r\n<ul>\r\n	<li><strong>Chất liệu</strong>: Polyester</li>\r\n</ul>\r\n\r\n<ul>\r\n	<li><strong>Form quần</strong>: Regular</li>\r\n	<li><strong>Đặc điểm</strong>:&nbsp;</li>\r\n</ul>\r\n\r\n<p>Chất liệu polyester được sử dụng để tạo ra chiếc quần short n&agrave;y l&agrave;m cho n&oacute; nhẹ nh&agrave;ng, tho&aacute;ng m&aacute;t v&agrave; thoải m&aacute;i khi mặc. K&egrave;m theo đặc t&iacute;nh chống nước v&agrave; nhanh kh&ocirc;.&nbsp;Thiết kế Regular fit (độ rộng vừa phải) mang lại sự thoải m&aacute;i v&agrave; tự do vận động, gi&uacute;p bạn tập luyện v&agrave; thực hiện c&aacute;c hoạt động thể thao m&agrave; kh&ocirc;ng bị hạn chế.</p>\r\n\r\n<p>Logo Orgnls 24 thể hiện sự tinh tế v&agrave; phong c&aacute;ch, l&agrave; điểm nhấn th&ecirc;m v&agrave;o thiết kế đơn giản nhưng sang trọng của quần short n&agrave;y. Với Quần Short Regular Be Active chất liệu polyester m&agrave;u đen v&agrave; logo Orgnls 24, bạn sẽ lu&ocirc;n tr&ocirc;ng thời trang v&agrave; sẵn s&agrave;ng thể hiện phong c&aacute;ch của m&igrave;nh trong mọi ho&agrave;n cảnh. Đ&acirc;y l&agrave; sản phẩm kh&ocirc;ng thể thiếu trong bộ sưu tập thời trang thể thao của bạn.</p>\r\n', 1, 120),
(117, 'Quần Short Regular Decup Combination', 300000, 'Quần Short Regular Decup Combination1709114593.jpg', 100, '<ul>\r\n	<li><strong>Bảng size</strong>:&nbsp;</li>\r\n</ul>\r\n\r\n<p>- Size S: V&ograve;ng lưng: 74cm;&nbsp;V&ograve;ng đ&ugrave;i: 62cm; Rộng ống: 54cm; D&agrave;i quần 45cm<br />\r\n- Size M: V&ograve;ng lưng: 76cm; V&ograve;ng đ&ugrave;i: 64cm;&nbsp;Rộng ống: 56cm; D&agrave;i quần 46m<br />\r\n- Size L:&nbsp; V&ograve;ng lưng: 78cm; V&ograve;ng đ&ugrave;i: 66cm; Rộng ống: 58cm;&nbsp;D&agrave;i quần 47cm<br />\r\n- Size XL: V&ograve;ng lưng: 80cm; V&ograve;ng đ&ugrave;i: 68cm; Rộng ống: 60cm; D&agrave;i quần 48cm</p>\r\n\r\n<ul>\r\n	<li><strong>Chất liệu</strong>: Nỉ ch&acirc;n cua</li>\r\n</ul>\r\n\r\n<ul>\r\n	<li><strong>Form quần</strong>: Regular</li>\r\n	<li><strong>Đặc điểm</strong>:&nbsp;</li>\r\n</ul>\r\n\r\n<p>Quần short c&oacute; độ d&agrave;y dặn v&agrave; phần lưng thun dễ chịu thoải m&aacute;i, với phần d&acirc;y luồn dẹp to bản, kỹ thuật thiết kế r&atilde; rập hai&nbsp;b&ecirc;n gối phối ngược vải đầy t&iacute;nh trẻ trung. Miệng t&uacute;i ch&eacute;o với phần d&acirc;y k&eacute;o giấu răng vừa tiện lợi vừa c&oacute; t&iacute;nh thẩm mỹ. Chất liệu nỉ ch&acirc;n cua d&agrave;y dặn nhưng với kết cấu đặc biệt kh&ocirc;ng g&acirc;y b&ocirc;ng x&ugrave; bết d&iacute;nh, tho&aacute;t nhiệt tốt.</p>\r\n\r\n<p>M&agrave;u sắc trung t&iacute;nh dễ d&agrave;ng phối đồ v&agrave; kết hợp nhiều item kh&aacute;c, quần short tạo n&ecirc;n tinh thần khỏe khoắn cho outfit m&ugrave;a h&egrave;.</p>\r\n', 2, 120),
(118, 'Quần Short Nỉ ICON DENIM Essentials', 199000, 'Quần Short Nỉ ICON DENIM Essentials1709116248.jpg', 100, '<p>Với chất liệu nỉ cao cấp, quần short mang đến sự mềm mại v&agrave; &ecirc;m &aacute;i, gi&uacute;p bạn lu&ocirc;n cảm thấy thoải m&aacute;i v&agrave; tự tin suốt cả ng&agrave;y.</p>\r\n\r\n<p>Như một biểu tượng của phong c&aacute;ch c&aacute; t&iacute;nh, quần short nỉ đem đến vẻ ngo&agrave;i c&aacute; t&iacute;nh v&agrave; ấn tượng, gi&uacute;p bạn nổi bật trong đ&aacute;m đ&ocirc;ng. Phối c&ugrave;ng &aacute;o thun hay &aacute;o kho&aacute;c, quần short nỉ l&agrave; lựa chọn tuyệt vời cho những buổi dạo phố, gặp gỡ bạn b&egrave; hay thư gi&atilde;n cuối tuần.</p>\r\n\r\n<p>Với sự đa dạng trong m&agrave;u sắc v&agrave; kiểu d&aacute;ng, quần short nỉ thời trang của ICONDENIM gi&uacute;p bạn dễ d&agrave;ng phối đồ v&agrave; tạo n&ecirc;n nhiều phong c&aacute;ch độc đ&aacute;o.</p>\r\n', 1, 120),
(119, 'Quần Short Jean Light Blue Wash', 199000, 'Quần Short Jean Light Blue Wash1709116308.webp', 100, '<ul>\r\n	<li><strong>Bảng size</strong>:&nbsp;</li>\r\n</ul>\r\n\r\n<p>- Size S: V&ograve;ng lưng: 75cm; V&ograve;ng đ&ugrave;i: 59cm; Rộng ống: 50cm; D&agrave;i quần 48cm<br />\r\n<br />\r\n- Size M: V&ograve;ng lưng: 77cm; V&ograve;ng đ&ugrave;i: 61cm; Rộng ống: 51cm; D&agrave;i quần 49m<br />\r\n<br />\r\n- Size L: V&ograve;ng lưng: 80cm; V&ograve;ng đ&ugrave;i: 62cm; Rộng ống: 52cm; D&agrave;i quần 50cm<br />\r\n<br />\r\n- Size XL: V&ograve;ng lưng: 83cm; V&ograve;ng đ&ugrave;i: 63cm; Rộng ống: 53cm; D&agrave;i quần 51cm</p>\r\n\r\n<ul>\r\n	<li><strong>Chất liệu</strong>: Vải Denim</li>\r\n</ul>\r\n\r\n<ul>\r\n	<li><strong>Form quần</strong>: Slim-Fit</li>\r\n	<li><strong>Đặc điểm</strong>:&nbsp;</li>\r\n</ul>\r\n\r\n<p>Mang đến sự tươi trẻ v&agrave; tự do, Quần Short Jean Light Blue Wash sẽ khiến bạn đắm ch&igrave;m trong kh&ocirc;ng gian thời trang tr&agrave;n ngập sự năng động v&agrave; thoải m&aacute;i. Sự kết hợp ho&agrave;n hảo giữa kiểu d&aacute;ng thời thượng v&agrave; tiện &iacute;ch lưng thun đ&atilde; tạo n&ecirc;n một sản phẩm vượt trội, tiện lợi&nbsp;đến từng chi tiết.</p>\r\n', 1, 120),
(120, 'Quần Kaki Slim-Fit Basic Trousers', 420000, 'Quần Kaki Slim-Fit Basic Trousers1709116372.webp', 100, '<ul>\r\n	<li><strong>Bảng size</strong>:&nbsp;</li>\r\n</ul>\r\n\r\n<p>- Size 29:&nbsp;V&ograve;ng lưng: 78cm; V&ograve;ng đ&ugrave;i: 58cm; Rộng ống: 30cm; D&agrave;i quần 95cm&nbsp;</p>\r\n\r\n<p>- Size 30: V&ograve;ng lưng: 81cm; V&ograve;ng đ&ugrave;i: 60cm; Rộng ống: 31cm; D&agrave;i quần 96cm&nbsp;</p>\r\n\r\n<p>- Size 31: V&ograve;ng lưng: 84cm;&nbsp;V&ograve;ng đ&ugrave;i: 61cm;&nbsp;Rộng ống 32cm;&nbsp;D&agrave;i quần 97cm&nbsp;</p>\r\n\r\n<p>- Size 32:&nbsp;V&ograve;ng lưng: 87cm;&nbsp;V&ograve;ng đ&ugrave;i: 63cm;&nbsp;Rộng ống 33cm;&nbsp;D&agrave;i quần 97cm&nbsp;</p>\r\n\r\n<p>- Size 34:&nbsp;V&ograve;ng lưng: 90cm;&nbsp;V&ograve;ng đ&ugrave;i: 64cm; Rộng ống 33cm;&nbsp;D&agrave;i quần 99cm&nbsp;</p>\r\n\r\n<p>- Size 36:&nbsp;V&ograve;ng lưng: 93cm;&nbsp;V&ograve;ng đ&ugrave;i: 66cm;&nbsp;Rộng ống 35cm;&nbsp;D&agrave;i quần 100cm</p>\r\n\r\n<ul>\r\n	<li><strong>Chất liệu</strong>:&nbsp;KaKi</li>\r\n	<li><strong>Form quần</strong>: Slim-Fit</li>\r\n	<li><strong>Đặc điểm</strong>:&nbsp;</li>\r\n</ul>\r\n\r\n<p>Quần Kaki Slim-Fit Basic Trousers c&oacute; ba m&agrave;u đen, be n&acirc;u v&agrave; be s&aacute;ng, gi&uacute;p bạn dễ d&agrave;ng chọn lựa theo sở th&iacute;ch c&aacute; nh&acirc;n v&agrave; t&igrave;nh huống sử dụng. M&agrave;u sắc đa dạng gi&uacute;p quần linh hoạt trong việc kết hợp với nhiều loại &aacute;o v&agrave; phụ kiện. Được l&agrave;m từ chất liệu kaki chất lượng cao, kh&ocirc;ng chỉ&nbsp;tạo n&ecirc;n độ bền v&agrave; thoải m&aacute;i cho người mặc, m&agrave; c&ograve;n&nbsp;gi&uacute;p quần giữ form d&aacute;ng v&agrave; mềm mại, mang lại cảm gi&aacute;c thoải m&aacute;i suốt cả ng&agrave;y.</p>\r\n\r\n<p>Với form d&aacute;ng Slim-Fit hiện đại, quần n&agrave;y &ocirc;m vừa vặn tạo n&ecirc;n sự gọn g&agrave;ng v&agrave; lịch l&atilde;m. Thiết kế n&agrave;y kh&ocirc;ng chỉ t&ocirc;n l&ecirc;n đường cong cơ thể m&agrave; c&ograve;n gi&uacute;p bạn tỏa s&aacute;ng trong mọi t&igrave;nh huống.</p>\r\n', 1, 119),
(121, 'Quần Kaki Slimfit Basic Leather Label', 420000, 'Quần Kaki Slimfit Basic Leather Label1709116423.webp', 100, '<ul>\r\n	<li><strong>Bảng size</strong>:&nbsp;</li>\r\n</ul>\r\n\r\n<p>- Size 29:&nbsp;V&ograve;ng lưng: 79cm; V&ograve;ng đ&ugrave;i: 57,5cm; Rộng ống: 30cm; D&agrave;i quần 90cm&nbsp;</p>\r\n\r\n<p>- Size 30: V&ograve;ng lưng: 82cm; V&ograve;ng đ&ugrave;i: 59cm; Rộng ống: 31cm; D&agrave;i quần 92cm&nbsp;</p>\r\n\r\n<p>- Size 31: V&ograve;ng lưng: 85cm;&nbsp;V&ograve;ng đ&ugrave;i: 60,5cm;&nbsp;Rộng ống 32cm;&nbsp;D&agrave;i quần 94cm&nbsp;</p>\r\n\r\n<p>- Size 32:&nbsp;V&ograve;ng lưng: 88cm;&nbsp;V&ograve;ng đ&ugrave;i: 62cm;&nbsp;Rộng ống 33cm;&nbsp;D&agrave;i quần 96cm&nbsp;</p>\r\n\r\n<p>- Size 34:&nbsp;V&ograve;ng lưng: 91cm;&nbsp;V&ograve;ng đ&ugrave;i: 63,5cm; Rộng ống 34cm;&nbsp;D&agrave;i quần 98cm&nbsp;</p>\r\n\r\n<p>- Size 36:&nbsp;V&ograve;ng lưng: 94cm;&nbsp;V&ograve;ng đ&ugrave;i: 65cm;&nbsp;Rộng ống 35cm;&nbsp;D&agrave;i quần 100cm</p>\r\n\r\n<ul>\r\n	<li><strong>Chất liệu</strong>:&nbsp;KaKi</li>\r\n	<li><strong>Form quần</strong>: Slim-Fit</li>\r\n	<li><strong>Đặc điểm</strong>:&nbsp;</li>\r\n</ul>\r\n\r\n<p>Quần Kaki Slimfit Basic Leather Label thiết kế với sự tối giản, ph&ugrave; hợp cho nhiều dịp kh&aacute;c nhau. N&oacute; c&oacute; một d&aacute;ng slimfit, tạo điểm nhấn cho vẻ ngoại h&igrave;nh của bạn m&agrave; kh&ocirc;ng qu&aacute; &ocirc;m s&aacute;t.&nbsp;Đặc điểm nổi bật của sản phẩm l&agrave; chi tiết Leather Label (nh&atilde;n da) chất lượng cao tại một b&ecirc;n t&uacute;i sau, tạo điểm nhấn sang trọng v&agrave; thể hiện sự chăm s&oacute;c đến từng chi tiết.</p>\r\n\r\n<p>M&agrave;u sắc lựa chọn bao gồm đen (classic v&agrave; dễ kết hợp), be (neutral v&agrave; dễ d&agrave;ng phối đồ), v&agrave; n&acirc;u (ấm &aacute;p v&agrave; lịch l&atilde;m). Ch&uacute;ng cho ph&eacute;p bạn tạo ra nhiều phong c&aacute;ch kh&aacute;c nhau t&ugrave;y theo sở th&iacute;ch v&agrave; dịp sử dụng.&nbsp;Quần Kaki Slimfit Basic Leather Label l&agrave; một trang phục đa dụng, ph&ugrave; hợp cho nhiều ho&agrave;n cảnh kh&aacute;c nhau. Bạn c&oacute; thể mặc n&oacute; trong c&aacute;c dịp c&ocirc;ng việc, học tập, hay khi bạn muốn thể hiện phong c&aacute;ch lịch l&atilde;m trong c&aacute;c sự kiện x&atilde; hội.</p>\r\n', 1, 119),
(122, 'Quần Kaki Straight Combat Trousers', 450000, 'Quần Kaki Straight Combat Trousers1709116470.webp', 100, '<ul>\r\n	<li><strong>Bảng size</strong>:&nbsp;</li>\r\n</ul>\r\n\r\n<p>- Size 29:&nbsp;V&ograve;ng lưng: 76cm; V&ograve;ng đ&ugrave;i: 58.5cm; Rộng ống: 36cm; D&agrave;i quần 93cm&nbsp;</p>\r\n\r\n<p>- Size 30: V&ograve;ng lưng: 80cm; V&ograve;ng đ&ugrave;i: 60.5cm; Rộng ống: 37cm; D&agrave;i quần 95cm&nbsp;</p>\r\n\r\n<p>- Size 31: V&ograve;ng lưng: 84cm;&nbsp;V&ograve;ng đ&ugrave;i: 62.5cm;&nbsp;Rộng ống 38cm;&nbsp;D&agrave;i quần 97cm&nbsp;</p>\r\n\r\n<p>- Size 32:&nbsp;V&ograve;ng lưng: 88cm;&nbsp;V&ograve;ng đ&ugrave;i: 64.5cm;&nbsp;Rộng ống 39cm;&nbsp;D&agrave;i quần 99cm&nbsp;</p>\r\n\r\n<p>- Size 34:&nbsp;V&ograve;ng lưng: 92cm;&nbsp;V&ograve;ng đ&ugrave;i: 66.5cm; Rộng ống 40cm;&nbsp;D&agrave;i quần 101cm&nbsp;</p>\r\n\r\n<p>- Size 36:&nbsp;V&ograve;ng lưng: 96cm;&nbsp;V&ograve;ng đ&ugrave;i: 68.5cm;&nbsp;Rộng ống 41cm;&nbsp;D&agrave;i quần 103cm</p>\r\n\r\n<ul>\r\n	<li><strong>Chất liệu</strong>:&nbsp;KaKi</li>\r\n	<li><strong>Form quần</strong>: Straight</li>\r\n	<li><strong>Đặc điểm</strong>:&nbsp;</li>\r\n</ul>\r\n\r\n<p>Với form Straight, quần c&oacute; d&aacute;ng straight-fit, thoải m&aacute;i v&agrave; rộng r&atilde;i, mang đến sự tự do trong việc di chuyển. Thiết kế độc đ&aacute;o với t&uacute;i b&ecirc;n h&ocirc;ng v&agrave; c&aacute;c đường may tinh tế tạo điểm nhấn thời trang v&agrave; chức năng. Đ&acirc;y l&agrave; sự kết hợp ho&agrave;n hảo giữa phong c&aacute;ch v&agrave; tiện &iacute;ch.&nbsp;M&agrave;u đen lịch l&atilde;m v&agrave; thời thượng, c&ograve;n m&agrave;u r&ecirc;u tạo n&ecirc;n vẻ tự nhi&ecirc;n v&agrave; ấm &aacute;p.&nbsp;Sự kết hợp giữa chất liệu chất lượng v&agrave; thiết kế thời trang gi&uacute;p quần n&agrave;y ph&ugrave; hợp cho nhiều ho&agrave;n cảnh kh&aacute;c nhau, từ c&ocirc;ng việc đến giải tr&iacute;.</p>\r\n\r\n<p>Quần Kaki Form Straight Combat Trousers kh&ocirc;ng chỉ đ&aacute;p ứng nhu cầu về thoải m&aacute;i v&agrave; phong c&aacute;ch, m&agrave; c&ograve;n l&agrave; biểu tượng c&aacute; nh&acirc;n của bạn. Với chất liệu chất lượng v&agrave; thiết kế độc đ&aacute;o, n&oacute; sẽ trở th&agrave;nh một m&oacute;n đồ kh&ocirc;ng thể thiếu trong tủ quần &aacute;o của bạn, đồng h&agrave;nh c&ugrave;ng bạn trong mọi m&ugrave;a v&agrave; ho&agrave;n cảnh.</p>\r\n', 1, 119),
(123, 'Quần Kaki Skinny Phối Lưng Thun', 299000, 'Quần Kaki Skinny Phối Lưng Thun1709116517.webp', 100, '<ul>\r\n	<li><strong>Bảng size</strong>:&nbsp;</li>\r\n</ul>\r\n\r\n<p>- Size 29:&nbsp;V&ograve;ng lưng: 78cm; V&ograve;ng đ&ugrave;i: 57cm; Rộng ống: 26cm; D&agrave;i quần 90cm&nbsp;</p>\r\n\r\n<p>- Size 30: V&ograve;ng lưng: 81cm; V&ograve;ng đ&ugrave;i: 59cm; Rộng ống: 27cm; D&agrave;i quần 92cm&nbsp;</p>\r\n\r\n<p>- Size 31: V&ograve;ng lưng: 84cm;&nbsp;V&ograve;ng đ&ugrave;i: 60cm;&nbsp;Rộng ống 28cm;&nbsp;D&agrave;i quần 94cm&nbsp;</p>\r\n\r\n<p>- Size 32:&nbsp;V&ograve;ng lưng: 87cm;&nbsp;V&ograve;ng đ&ugrave;i: 62cm;&nbsp;Rộng ống 29cm;&nbsp;D&agrave;i quần 96cm&nbsp;</p>\r\n\r\n<p>- Size 34:&nbsp;V&ograve;ng lưng: 90cm;&nbsp;V&ograve;ng đ&ugrave;i: 63cm; Rộng ống 30cm;&nbsp;D&agrave;i quần 98cm&nbsp;</p>\r\n\r\n<p>- Size 36:&nbsp;V&ograve;ng lưng: 93cm;&nbsp;V&ograve;ng đ&ugrave;i: 65cm;&nbsp;Rộng ống 31cm;&nbsp;D&agrave;i quần 100cm</p>\r\n\r\n<ul>\r\n	<li><strong>Chất liệu</strong>:&nbsp;KaKi</li>\r\n	<li><strong>Form quần</strong>: Slim-Fit</li>\r\n	<li><strong>Đặc điểm</strong>:&nbsp;</li>\r\n</ul>\r\n\r\n<p>Chất vải KaKi mang tới nhiều ưu điểm như&nbsp;bền chắc, &iacute;t nhăn,&nbsp;c&oacute; khả năng tho&aacute;ng kh&iacute;, thấm h&uacute;t tuyệt vời v&agrave; n&oacute;i kh&ocirc;ng với x&ugrave; l&ocirc;ng. Loại vải n&agrave;y cũng kh&ocirc;ng b&oacute; s&aacute;t, đem đến người d&ugrave;ng cảm gi&aacute;c tho&aacute;ng m&aacute;t, thoải m&aacute;i dễ chịu.</p>\r\n\r\n<p>Form quần&nbsp;mang lại trải nghiệm&nbsp;kh&ocirc;ng b&oacute; s&aacute;t, đem đến người d&ugrave;ng cảm gi&aacute;c tho&aacute;ng m&aacute;t, thoải m&aacute;i dễ chịu.</p>\r\n\r\n<p>Thiết kế Basic v&agrave;&nbsp;lai quần được may dấu chỉ tinh tế tạo sự trang trọng v&agrave; lịch l&atilde;m.</p>\r\n\r\n<p>Quần KaKi&nbsp;l&agrave; một trong những lựa chọn ph&ugrave; hợp trong mọi ho&agrave;n cảnh (như đi l&agrave;m, đi chơi, đi tiệc,...) nhưng vẫn trang trọng v&agrave; lịch l&atilde;m.</p>\r\n', 1, 119),
(124, 'Thắt Lưng Automatic Girdle Leather', 400000, 'Thắt Lưng Automatic Girdle Leather1709116828.webp', 100, '<ul>\r\n	<li><strong>Chất liệu:</strong>&nbsp;Da Leather</li>\r\n	<li><strong>M&agrave;u sắc:</strong>&nbsp;Đen</li>\r\n	<li><strong>Đặc điểm:</strong></li>\r\n</ul>\r\n\r\n<p>Được l&agrave;m từ chất liệu leather cao cấp v&agrave; được trang bị đầu g&agrave;i tự động v&agrave; răng cưa chắc chắn, dễ d&agrave;ng điều chỉnh theo k&iacute;ch thước của bạn v&agrave; giữ cho n&oacute; vững chắc quanh eo, kh&ocirc;ng mất thời gian đục th&ecirc;m lỗ g&agrave;i. Đ&acirc;y l&agrave; sự kết hợp tinh tế giữa t&iacute;nh năng v&agrave; thẩm mỹ. Chất liệu&nbsp;Leather&nbsp;mang lại cảm gi&aacute;c mềm mại v&agrave; sang trọng như da thật&nbsp;Với thiết kế hiện đại v&agrave; t&iacute;nh năng tự động độc đ&aacute;o, chiếc thắt lưng n&agrave;y kh&ocirc;ng chỉ giữ bạn thời trang m&agrave; c&ograve;n tiện lợi.</p>\r\n', 1, 146),
(125, 'Thắt Lưng Da Hai Mặt Logo Mark', 400000, 'Thắt Lưng Da Hai Mặt Logo Mark1709116873.webp', 100, '<ul>\n	<li><strong>Chất liệu:</strong>&nbsp;Da Leather</li>\n	<li><strong>M&agrave;u sắc:</strong>&nbsp;Đen</li>\n	<li><strong>Đặc điểm:</strong></li>\n</ul>\n\n<p>Da hai mặt chất lượng cao, với một mặt m&agrave;u n&acirc;u ấm &aacute;p v&agrave; một mặt m&agrave;u đen thanh lịch, tạo n&ecirc;n sự đa dạng trong việc phối hợp trang phục,&nbsp;gi&uacute;p thắt lưng dễ d&agrave;ng kết hợp với c&aacute;c bộ trang phục từ casual đến semi-formal.&nbsp;Dễ d&agrave;ng kết hợp với quần jean, quần kaki, hay c&aacute;c loại trang phục kh&aacute;c, tạo n&ecirc;n phong c&aacute;ch c&aacute; nh&acirc;n v&agrave; thời trang.&nbsp;Sản phẩm phản &aacute;nh tinh thần tự tin v&agrave; c&aacute; nh&acirc;n của người sử dụng, l&agrave; điểm nhấn ho&agrave;n hảo cho bất kỳ bộ trang phục n&agrave;o.</p>\n', 1, 146),
(126, 'Thắt Lưng Da Xoay 2 Mặt Flex Utility', 400000, 'Thắt Lưng Da Xoay 2 Mặt Flex Utility1709116928.webp', 100, '<ul>\r\n	<li><strong>M&ocirc; tả:</strong>&nbsp;Chiều d&agrave;i 120cm - Chiều rộng&nbsp;3,5cm</li>\r\n	<li><strong>Chất liệu:</strong>&nbsp;Da PU (Da v&acirc;n)</li>\r\n	<li><strong>M&agrave;u sắc:&nbsp;</strong>Xanh Đen&nbsp;</li>\r\n	<li><strong>Đặc điểm:</strong></li>\r\n</ul>\r\n\r\n<p>Mặt ngo&agrave;i thắt lưng m&agrave;u Xanh đen&nbsp;v&acirc;n. Mặt trong l&agrave; m&agrave;u đen trơn&nbsp;</p>\r\n\r\n<p>Thắt lưng da c&oacute; mặt kh&oacute;a thắt lưng bằng chất liệu hợp kim kẽm kh&ocirc;ng gỉ dạng xoay chiều,&nbsp;c&oacute; chốt để đ&oacute;ng bằng c&aacute;ch luồn qua c&aacute;c lỗ tr&ecirc;n d&acirc;y lưng, t&ugrave;y thuộc v&agrave;o số đo v&ograve;ng eo của mỗi người.</p>\r\n', 1, 146),
(127, 'Thắt Lưng Leather Strap Both Sides', 400000, 'Thắt Lưng Leather Strap Both Sides1709116969.webp', 100, '<ul>\r\n	<li><strong>Chất liệu:</strong>&nbsp;Da&nbsp;</li>\r\n	<li><strong>M&agrave;u sắc:</strong>&nbsp;Đen</li>\r\n	<li><strong>Đặc điểm:</strong></li>\r\n</ul>\r\n\r\n<p>Thắt lưng Leather Strap Both Sides mang đến một cảm gi&aacute;c đặc biệt với đầu kh&oacute;a được&nbsp;mạ bạc, in k&yacute; tự viết tắt t&ecirc;n logo thương hiệu. Đ&acirc;y l&agrave; sự kết hợp ho&agrave;n hảo giữa t&iacute;nh năng v&agrave; thẩm mỹ. Chất liệu da&nbsp;Leather tự nhi&ecirc;n mang lại sự bền bỉ v&agrave; độ b&oacute;ng sang trọng. M&agrave;u sắc tinh tế nh&atilde; nhặn dễ d&agrave;ng phối hợp với nhiều kiểu trang phục kh&aacute;c nhau.</p>\r\n', 1, 146),
(128, 'Mắt Kính Dark Aviator Eyeglass', 390000, 'Mắt Kính Dark Aviator Eyeglass1709117037.webp', 100, '<p>Mắt k&iacute;nh Dark Aviator Eyeglass được l&agrave;m từ chất liệu k&iacute;nh tr&ograve;ng chất lượng cao, c&oacute; khả năng chống tia UV để bảo vệ mắt khỏi &aacute;nh nắng mặt trời.&nbsp;Khung k&iacute;nh được sản xuất từ kim loại nhẹ, mang lại sự bền bỉ v&agrave; độ bền cao.&nbsp;</p>\r\n\r\n<p>&nbsp;</p>\r\n\r\n<p>Tr&ograve;ng k&iacute;nh m&agrave;u tối bảo vệ mắt khỏi tia UV c&oacute; hại trong m&ocirc;i trường ngo&agrave;i trời, đồng thời tạo điểm nhấn thời trang.&nbsp;</p>\r\n\r\n<p>Điểm nhấn phần đu&ocirc;i gọn k&iacute;nh c&oacute; m&agrave;u đỏ cho những ai&nbsp;muốn th&ecirc;m sự phong c&aacute;ch cho trang phục h&agrave;ng ng&agrave;y...</p>\r\n', 1, 145),
(129, 'Mắt Kính ICON DENIM Aviator Light-Frame', 149000, 'Mắt Kính ICON DENIM Aviator Light-Frame1709117167.webp', 100, '<p>▪️<strong>&nbsp;Chất liệu gọng k&iacute;nh:</strong>&nbsp;Gọng k&iacute;nh được l&agrave;m từ hợp kim&nbsp;cao cấp&nbsp;si&ecirc;u bền, chịu lực v&agrave;&nbsp;chắc chắn.<br />\r\n<strong>▪️ Chất liệu tr&ograve;ng k&iacute;nh:</strong>&nbsp;Tr&ograve;ng&nbsp;k&iacute;nh cao cấp chống UV&nbsp;<br />\r\n▪️ Sản phẩm Full Box (khăn lau, h&ocirc;p da chống va đập, t&uacute;i s&aacute;ch của h&atilde;ng).</p>\r\n', 2, 145),
(130, 'Mắt Kính Light Aviator Eyeglass', 390000, 'Mắt Kính Light Aviator Eyeglass1709117239.webp', 100, '<p>Thiết kế Aviator Eyeglass mang phong c&aacute;ch cổ điển v&agrave; lịch l&atilde;m với h&igrave;nh d&aacute;ng gọng mắt k&iacute;nh&nbsp;được sản xuất từ kim loại nhẹ.&nbsp;Tr&ograve;ng k&iacute;nh ombre c&oacute; sự kết hợp m&agrave;u sắc chuyển đổi từ một m&agrave;u nhẹ ở phần dưới đến m&agrave;u sắc tối hơn ở phần tr&ecirc;n, nghi&ecirc;ng về sắc t&iacute;m, tạo điểm nhấn v&agrave; sự th&uacute; vị cho mắt k&iacute;nh.&nbsp;Gọng k&iacute;nh s&aacute;ng m&agrave;u c&oacute; thể khiến tổng thể gương mặt c&oacute; độ h&agrave;i h&ograve;a.</p>\r\n\r\n<p>&nbsp;</p>\r\n\r\n<p>Ph&ugrave; hợp cho cả nam v&agrave; nữ, đặc biệt l&agrave; trong c&aacute;c t&igrave;nh huống hẹn h&ograve;, tham dự sự kiện, hoặc khi muốn thể hiện phong c&aacute;ch c&aacute; nh&acirc;n độc đ&aacute;o.</p>\r\n', 1, 145),
(131, 'Mắt Kính Light Frames Wayfarer Eyeglass', 249000, 'Mắt Kính Light Frames Wayfarer Eyeglass1709117323.webp', 100, '<p>Mắt k&iacute;nh Light Frames được thiết kế theo phong c&aacute;ch Wayfarer, một kiểu d&aacute;ng k&iacute;nh thời trang phổ biến với gọng vu&ocirc;ng bo&nbsp;tr&ograve;n v&agrave; g&oacute;c cạnh tinh tế.&nbsp;Sản phẩm n&agrave;y c&oacute; khả năng gập đ&ocirc;i, gi&uacute;p bạn dễ d&agrave;ng mang theo mắt k&iacute;nh mọi l&uacute;c mọi nơi&nbsp;v&agrave; đặt v&agrave;o t&uacute;i x&aacute;ch hoặc balo một c&aacute;ch dễ d&agrave;ng m&agrave; kh&ocirc;ng lo bị trầy xước hoặc hỏng h&oacute;c.</p>\r\n\r\n<p>Với kiểu d&aacute;ng Wayfarer cổ điển, mắt k&iacute;nh n&agrave;y dễ d&agrave;ng kết hợp với nhiều loại trang phục kh&aacute;c nhau, từ trang phục c&ocirc;ng sở đến trang phục thể thao hoặc dạo phố.&nbsp;Mắt k&iacute;nh Light Frames cũng c&oacute; thể được sử dụng như một phụ kiện thời trang để t&ocirc;n l&ecirc;n phong c&aacute;ch của bạn.</p>\r\n', 1, 145);

--
-- Các ràng buộc cho các bảng đã đổ
--

--
-- Các ràng buộc cho bảng `tbl_order_detail`
--
ALTER TABLE `tbl_order_detail`
  ADD CONSTRAINT `tbl_order_detail_ibfk_1` FOREIGN KEY (`id_product`) REFERENCES `tbl_product` (`id_product`) ON DELETE CASCADE ON UPDATE CASCADE;

--
-- Các ràng buộc cho bảng `tbl_post`
--
ALTER TABLE `tbl_post`
  ADD CONSTRAINT `tbl_post_ibfk_1` FOREIGN KEY (`id_cat_post`) REFERENCES `tbl_cat_post` (`id_cat_post`) ON DELETE CASCADE ON UPDATE CASCADE;

--
-- Các ràng buộc cho bảng `tbl_product`
--
ALTER TABLE `tbl_product`
  ADD CONSTRAINT `tbl_product_ibfk_1` FOREIGN KEY (`id_cat_product`) REFERENCES `tbl_category` (`id_category`) ON DELETE CASCADE ON UPDATE CASCADE;
COMMIT;

/*!40101 SET CHARACTER_SET_CLIENT=@OLD_CHARACTER_SET_CLIENT */;
/*!40101 SET CHARACTER_SET_RESULTS=@OLD_CHARACTER_SET_RESULTS */;
/*!40101 SET COLLATION_CONNECTION=@OLD_COLLATION_CONNECTION */;
